No.,Time( s) ,Elongation( mm) ,Force( N) ,Stress( MPa) ,Strain( %) 
1,0.095,0,0,0,0
2,0.196,0,0,0,0
3,0.298,0,0,0,0
4,0.406,0.004,1,0.019,0.005
5,0.508,0.005,2,0.037,0.006
6,0.646,0.005,3,0.054,0.006
7,0.784,0.009,4,0.076,0.009
8,0.904,0.011,5,0.104,0.012
9,0.994,0.013,6,0.115,0.013
10,1.114,0.014,7,0.13,0.015
11,1.246,0.016,8,0.152,0.018
12,1.366,0.019,9,0.173,0.02
13,1.486,0.02,10,0.189,0.022
14,1.618,0.023,11,0.212,0.024
15,1.738,0.024,12,0.234,0.026
16,1.834,0.026,13,0.253,0.028
17,1.954,0.028,14,0.273,0.03
18,2.068,0.03,15,0.293,0.032
19,2.194,0.032,16,0.312,0.035
20,2.284,0.034,18,0.332,0.036
21,2.428,0.036,19,0.353,0.039
22,2.548,0.038,20,0.373,0.041
23,2.656,0.04,21,0.394,0.043
24,2.776,0.042,22,0.412,0.045
25,2.884,0.044,23,0.433,0.047
26,2.974,0.045,24,0.451,0.049
27,3.058,0.046,25,0.468,0.05
28,3.196,0.049,26,0.487,0.053
29,3.328,0.051,27,0.507,0.055
30,3.454,0.053,28,0.526,0.057
31,3.568,0.055,29,0.544,0.059
32,3.688,0.057,30,0.565,0.062
33,3.784,0.059,31,0.585,0.063
34,3.874,0.06,32,0.6,0.065
35,3.946,0.061,33,0.617,0.066
36,4.054,0.063,33,0.633,0.068
37,4.156,0.065,34,0.65,0.07
38,4.234,0.066,35,0.665,0.072
39,4.348,0.068,36,0.68,0.073
40,4.426,0.069,37,0.696,0.075
41,4.534,0.071,38,0.713,0.077
42,4.666,0.073,39,0.732,0.079
43,4.769,0.075,40,0.749,0.081
44,4.864,0.077,41,0.769,0.083
45,4.954,0.078,41,0.786,0.084
46,5.044,0.08,42,0.802,0.086
47,5.164,0.082,43,0.821,0.089
48,5.266,0.084,44,0.836,0.09
49,5.374,0.085,45,0.853,0.092
50,5.476,0.087,46,0.871,0.094
51,5.548,0.088,47,0.886,0.095
52,5.668,0.09,48,0.903,0.097
53,5.764,0.092,49,0.919,0.099
54,5.878,0.094,50,0.938,0.101
55,5.986,0.095,50,0.953,0.103
56,6.076,0.097,51,0.971,0.105
57,6.178,0.099,52,0.988,0.106
58,6.298,0.101,53,1.005,0.109
59,6.436,0.103,54,1.022,0.111
60,6.538,0.105,55,1.04,0.113
61,6.616,0.106,56,1.059,0.115
62,6.706,0.108,57,1.075,0.117
63,6.796,0.109,58,1.094,0.118
64,6.874,0.11,59,1.109,0.119
65,6.946,0.112,59,1.122,0.121
66,7.018,0.113,60,1.135,0.121
67,7.108,0.114,61,1.148,0.123
68,7.216,0.116,61,1.163,0.125
69,7.294,0.117,62,1.176,0.127
70,7.42,0.12,63,1.192,0.129
71,7.528,0.121,64,1.209,0.131
72,7.618,0.123,65,1.226,0.133
73,7.726,0.124,66,1.243,0.134
74,7.828,0.126,66,1.259,0.136
75,7.918,0.127,67,1.276,0.138
76,8.014,0.129,68,1.293,0.139
77,8.134,0.131,69,1.309,0.142
78,8.236,0.133,70,1.326,0.144
79,8.338,0.134,71,1.343,0.145
80,8.446,0.137,72,1.361,0.148
81,8.548,0.138,73,1.378,0.149
82,8.638,0.14,74,1.395,0.151
83,8.746,0.142,75,1.413,0.153
84,8.848,0.144,76,1.43,0.155
85,8.944,0.145,76,1.447,0.157
86,9.046,0.147,77,1.464,0.159
87,9.154,0.149,78,1.48,0.16
88,9.256,0.15,79,1.497,0.162
89,9.346,0.152,80,1.514,0.164
90,9.448,0.153,81,1.53,0.165
91,9.568,0.155,82,1.547,0.168
92,9.664,0.157,83,1.564,0.17
93,9.766,0.159,83,1.581,0.171
94,9.868,0.16,84,1.597,0.173
95,9.958,0.162,85,1.614,0.175
96,10.078,0.164,86,1.631,0.177
97,10.198,0.166,87,1.649,0.179
98,10.288,0.167,88,1.666,0.181
99,10.384,0.169,89,1.683,0.182
100,10.486,0.17,90,1.699,0.184
101,10.564,0.172,91,1.716,0.186
102,10.714,0.174,91,1.733,0.188
103,10.816,0.176,92,1.75,0.19
104,10.888,0.177,93,1.766,0.192
105,10.966,0.179,94,1.783,0.193
106,11.068,0.181,95,1.8,0.195
107,11.188,0.182,96,1.815,0.197
108,11.284,0.184,97,1.829,0.198
109,11.374,0.185,97,1.846,0.2
110,11.446,0.187,98,1.861,0.202
111,11.548,0.188,99,1.878,0.203
112,11.626,0.189,100,1.893,0.204
113,11.716,0.191,101,1.906,0.206
114,11.836,0.193,101,1.92,0.209
115,11.926,0.195,102,1.937,0.21
116,12.028,0.196,103,1.952,0.212
117,12.136,0.198,104,1.969,0.214
118,12.224,0.2,105,1.987,0.216
119,12.334,0.202,106,2.002,0.218
120,12.448,0.203,107,2.021,0.219
121,12.568,0.206,108,2.037,0.222
122,12.654,0.207,109,2.056,0.224
123,12.748,0.209,109,2.073,0.225
124,12.856,0.21,110,2.089,0.227
125,12.958,0.212,111,2.108,0.229
126,13.064,0.214,112,2.125,0.231
127,13.174,0.216,113,2.142,0.233
128,13.276,0.217,114,2.158,0.235
129,13.366,0.219,115,2.175,0.236
130,13.468,0.22,116,2.192,0.238
131,13.546,0.222,116,2.205,0.24
132,13.648,0.224,117,2.221,0.241
133,13.768,0.225,118,2.236,0.244
134,13.876,0.228,119,2.253,0.246
135,13.978,0.229,120,2.27,0.247
136,14.086,0.231,121,2.286,0.249
137,14.206,0.233,122,2.305,0.252
138,14.296,0.235,123,2.322,0.253
139,14.386,0.236,123,2.338,0.255
140,14.476,0.237,124,2.355,0.256
141,14.548,0.238,125,2.37,0.257
142,14.626,0.24,126,2.385,0.259
143,14.716,0.242,127,2.398,0.261
144,14.824,0.243,127,2.413,0.263
145,14.914,0.245,128,2.428,0.264
146,14.986,0.245,129,2.441,0.265
147,15.076,0.247,130,2.455,0.267
148,15.184,0.249,131,2.472,0.269
149,15.268,0.25,131,2.485,0.27
150,15.364,0.252,132,2.5,0.272
151,15.466,0.254,133,2.515,0.274
152,15.568,0.256,134,2.532,0.276
153,15.646,0.256,134,2.546,0.277
154,15.748,0.258,135,2.561,0.279
155,15.856,0.26,136,2.578,0.281
156,15.928,0.261,137,2.593,0.282
157,16.018,0.263,138,2.608,0.284
158,16.114,0.265,138,2.623,0.286
159,16.228,0.267,139,2.639,0.288
160,16.318,0.268,140,2.654,0.29
161,16.438,0.27,141,2.671,0.292
162,16.528,0.272,142,2.689,0.294
163,16.636,0.274,143,2.706,0.295
164,16.738,0.275,144,2.723,0.297
165,16.846,0.277,145,2.741,0.299
166,16.918,0.278,146,2.756,0.301
167,17.026,0.28,146,2.773,0.302
168,17.134,0.282,147,2.788,0.304
169,17.224,0.283,148,2.805,0.306
170,17.314,0.285,149,2.819,0.308
171,17.386,0.286,150,2.834,0.309
172,17.494,0.288,150,2.849,0.311
173,17.608,0.29,151,2.866,0.313
174,17.686,0.291,152,2.879,0.314
175,17.776,0.292,153,2.894,0.316
176,17.884,0.294,154,2.909,0.318
177,17.968,0.295,154,2.923,0.319
178,18.046,0.297,155,2.938,0.321
179,18.154,0.299,156,2.953,0.322
180,18.244,0.3,157,2.968,0.324
181,18.358,0.302,157,2.983,0.326
182,18.448,0.303,158,2.998,0.328
183,18.538,0.305,159,3.014,0.329
184,18.658,0.307,160,3.031,0.332
185,18.796,0.31,161,3.05,0.334
186,18.886,0.311,162,3.066,0.336
187,18.958,0.312,163,3.083,0.337
188,19.066,0.314,164,3.1,0.339
189,19.174,0.316,165,3.117,0.341
190,19.288,0.317,165,3.133,0.343
191,19.408,0.32,166,3.15,0.345
192,19.504,0.321,167,3.167,0.347
193,19.576,0.322,168,3.183,0.348
194,19.666,0.324,169,3.198,0.35
195,19.786,0.326,170,3.215,0.352
196,19.888,0.328,171,3.23,0.354
197,19.978,0.329,171,3.247,0.355
198,20.068,0.331,172,3.263,0.357
199,20.188,0.333,173,3.28,0.359
200,20.296,0.335,174,3.297,0.361
201,20.386,0.336,175,3.313,0.363
202,20.506,0.339,176,3.33,0.366
203,20.584,0.339,177,3.349,0.366
204,20.686,0.341,178,3.364,0.369
205,20.776,0.342,178,3.38,0.37
206,20.884,0.345,179,3.397,0.372
207,20.956,0.346,180,3.41,0.373
208,21.076,0.348,181,3.427,0.376
209,21.178,0.35,182,3.442,0.377
210,21.286,0.351,183,3.458,0.379
211,21.388,0.353,183,3.473,0.381
212,21.484,0.354,184,3.49,0.383
213,21.574,0.356,185,3.507,0.384
214,21.676,0.357,186,3.521,0.386
215,21.766,0.359,187,3.536,0.387
216,21.856,0.36,188,3.551,0.389
217,21.934,0.362,188,3.566,0.391
218,22.036,0.363,189,3.581,0.393
219,22.138,0.365,190,3.596,0.394
220,22.228,0.367,191,3.609,0.396
221,22.324,0.368,191,3.624,0.398
222,22.426,0.37,192,3.64,0.399
223,22.498,0.371,193,3.653,0.401
224,22.576,0.372,194,3.668,0.402
225,22.678,0.374,194,3.683,0.404
226,22.774,0.376,195,3.696,0.406
227,22.876,0.378,196,3.711,0.408
228,22.948,0.378,197,3.724,0.409
229,23.044,0.38,197,3.739,0.411
230,23.146,0.382,198,3.754,0.413
231,23.248,0.384,199,3.769,0.415
232,23.344,0.385,200,3.783,0.416
233,23.458,0.387,201,3.8,0.418
234,23.578,0.389,202,3.817,0.42
235,23.698,0.391,202,3.834,0.422
236,23.806,0.393,203,3.85,0.425
237,23.884,0.394,204,3.867,0.426
238,23.956,0.396,205,3.884,0.427
239,24.046,0.397,206,3.899,0.429
240,24.148,0.399,207,3.913,0.431
241,24.256,0.401,207,3.928,0.433
242,24.334,0.402,208,3.943,0.434
243,24.406,0.403,209,3.958,0.436
244,24.478,0.404,210,3.973,0.437
245,24.586,0.407,210,3.986,0.439
246,24.676,0.408,211,3.999,0.441
247,24.796,0.41,212,4.014,0.442
248,24.874,0.411,213,4.029,0.444
249,24.946,0.412,213,4.042,0.445
250,25.048,0.414,214,4.056,0.447
251,25.144,0.416,215,4.069,0.449
252,25.246,0.418,216,4.082,0.451
253,25.348,0.419,216,4.097,0.452
254,25.468,0.421,217,4.114,0.454
255,25.576,0.423,218,4.129,0.457
256,25.678,0.424,219,4.146,0.458
257,25.786,0.426,220,4.162,0.46
258,25.888,0.428,221,4.177,0.462
259,26.008,0.43,221,4.194,0.464
260,26.134,0.432,222,4.211,0.467
261,26.236,0.434,223,4.227,0.469
262,26.338,0.435,224,4.244,0.47
263,26.446,0.437,225,4.259,0.472
264,26.548,0.439,226,4.276,0.474
265,26.656,0.441,227,4.29,0.476
266,26.728,0.442,227,4.303,0.477
267,26.824,0.443,228,4.318,0.479
268,26.908,0.445,229,4.331,0.48
269,27.016,0.446,229,4.344,0.482
270,27.106,0.448,230,4.357,0.484
271,27.208,0.45,231,4.37,0.485
272,27.304,0.451,232,4.385,0.487
273,27.388,0.453,232,4.398,0.489
274,27.496,0.455,233,4.413,0.491
275,27.574,0.456,234,4.426,0.492
276,27.646,0.457,234,4.439,0.494
277,27.748,0.459,235,4.45,0.496
278,27.856,0.461,236,4.465,0.497
279,27.934,0.462,236,4.478,0.499
280,28.024,0.464,237,4.491,0.501
281,28.126,0.465,238,4.504,0.502
282,28.228,0.467,239,4.519,0.504
283,28.336,0.469,239,4.534,0.507
284,28.408,0.47,240,4.547,0.507
285,28.528,0.472,241,4.562,0.51
286,28.624,0.474,242,4.576,0.512
287,28.708,0.475,242,4.591,0.513
288,28.804,0.477,243,4.604,0.515
289,28.906,0.479,244,4.617,0.517
290,28.978,0.48,244,4.63,0.518
291,29.068,0.481,245,4.643,0.519
292,29.176,0.483,246,4.656,0.522
293,29.278,0.485,247,4.669,0.523
294,29.386,0.486,247,4.682,0.525
295,29.494,0.488,248,4.697,0.527
296,29.578,0.489,249,4.712,0.529
297,29.674,0.491,249,4.725,0.53
298,29.764,0.492,250,4.74,0.532
299,29.878,0.495,251,4.755,0.534
300,29.956,0.496,252,4.768,0.535
301,30.046,0.497,253,4.783,0.537
302,30.154,0.499,253,4.797,0.539
303,30.226,0.5,254,4.81,0.54
304,30.328,0.502,255,4.825,0.542
305,30.448,0.504,256,4.84,0.545
306,30.556,0.506,256,4.857,0.546
307,30.646,0.507,257,4.872,0.548
308,30.766,0.509,258,4.888,0.55
309,30.856,0.51,259,4.905,0.551
310,30.934,0.512,260,4.92,0.553
311,31.036,0.514,261,4.937,0.555
312,31.126,0.515,261,4.952,0.556
313,31.216,0.517,262,4.966,0.558
314,31.288,0.518,263,4.979,0.56
315,31.366,0.519,264,4.994,0.561
316,31.468,0.521,264,5.007,0.562
317,31.564,0.523,265,5.022,0.564
318,31.648,0.524,266,5.037,0.566
319,31.744,0.525,267,5.052,0.567
320,31.858,0.528,268,5.067,0.57
321,31.936,0.529,268,5.083,0.571
322,32.026,0.53,269,5.098,0.573
323,32.128,0.532,270,5.115,0.575
324,32.236,0.534,271,5.132,0.577
325,32.338,0.536,272,5.148,0.578
326,32.446,0.538,273,5.165,0.581
327,32.548,0.539,274,5.182,0.583
328,32.626,0.54,274,5.199,0.583
329,32.734,0.543,275,5.215,0.586
330,32.854,0.544,276,5.232,0.588
331,32.938,0.546,277,5.247,0.589
332,33.034,0.547,278,5.264,0.591
333,33.136,0.549,279,5.28,0.593
334,33.238,0.551,280,5.295,0.595
335,33.334,0.552,280,5.312,0.597
336,33.436,0.554,281,5.329,0.599
337,33.544,0.556,282,5.345,0.6
338,33.616,0.557,283,5.36,0.602
339,33.718,0.559,284,5.375,0.604
340,33.826,0.561,285,5.392,0.605
341,33.916,0.562,285,5.407,0.607
342,34.024,0.564,286,5.423,0.609
343,34.108,0.565,287,5.438,0.61
344,34.204,0.567,288,5.455,0.612
345,34.276,0.568,289,5.47,0.614
346,34.378,0.57,290,5.485,0.616
347,34.456,0.571,290,5.498,0.616
348,34.564,0.573,291,5.513,0.619
349,34.678,0.575,292,5.527,0.621
350,34.774,0.576,293,5.544,0.622
351,34.876,0.578,294,5.559,0.624
352,34.948,0.579,294,5.576,0.626
353,35.044,0.581,295,5.591,0.627
354,35.146,0.582,296,5.605,0.629
355,35.254,0.584,297,5.62,0.631
356,35.344,0.586,298,5.635,0.632
357,35.446,0.587,298,5.652,0.634
358,35.524,0.589,299,5.667,0.636
359,35.596,0.59,300,5.68,0.637
360,35.698,0.592,301,5.695,0.639
361,35.806,0.593,301,5.709,0.641
362,35.896,0.595,302,5.724,0.643
363,35.974,0.596,303,5.739,0.644
364,36.076,0.598,304,5.754,0.646
365,36.184,0.6,305,5.771,0.648
366,36.298,0.602,306,5.787,0.65
367,36.406,0.604,306,5.804,0.652
368,36.508,0.605,307,5.821,0.653
369,36.586,0.607,308,5.838,0.655
370,36.694,0.608,309,5.852,0.657
371,36.808,0.611,310,5.869,0.659
372,36.898,0.612,311,5.886,0.661
373,36.994,0.614,312,5.901,0.663
374,37.096,0.615,312,5.917,0.664
375,37.204,0.617,313,5.934,0.666
376,37.318,0.619,314,5.951,0.668
377,37.414,0.621,315,5.966,0.67
378,37.516,0.622,316,5.982,0.672
379,37.594,0.623,317,5.999,0.673
380,37.714,0.625,318,6.014,0.675
381,37.816,0.627,318,6.031,0.677
382,37.918,0.629,319,6.046,0.679
383,37.996,0.63,320,6.062,0.681
384,38.098,0.632,321,6.077,0.682
385,38.206,0.634,322,6.092,0.685
386,38.308,0.636,323,6.109,0.686
387,38.404,0.637,323,6.124,0.688
388,38.488,0.638,324,6.138,0.689
389,38.566,0.639,325,6.153,0.691
390,38.668,0.641,326,6.166,0.692
391,38.764,0.643,326,6.181,0.694
392,38.866,0.645,327,6.196,0.697
393,38.938,0.646,328,6.209,0.697
394,39.034,0.647,329,6.224,0.699
395,39.136,0.649,329,6.239,0.701
396,39.226,0.65,330,6.252,0.702
397,39.304,0.652,331,6.265,0.704
398,39.406,0.654,332,6.28,0.706
399,39.508,0.655,332,6.294,0.708
400,39.586,0.657,333,6.309,0.709
401,39.676,0.658,334,6.322,0.711
402,39.778,0.66,335,6.337,0.713
403,39.874,0.662,335,6.352,0.715
404,39.946,0.663,336,6.367,0.716
405,40.036,0.665,337,6.38,0.718
406,40.144,0.666,338,6.395,0.719
407,40.246,0.668,338,6.41,0.721
408,40.348,0.67,339,6.423,0.724
409,40.438,0.671,340,6.437,0.724
410,40.534,0.672,341,6.452,0.726
411,40.618,0.674,341,6.467,0.728
412,40.726,0.676,342,6.48,0.73
413,40.816,0.677,343,6.495,0.731
414,40.894,0.679,344,6.508,0.733
415,40.966,0.679,344,6.521,0.734
416,41.068,0.682,345,6.534,0.736
417,41.164,0.683,346,6.547,0.738
418,41.278,0.685,346,6.562,0.74
419,41.368,0.686,347,6.575,0.741
420,41.464,0.688,348,6.59,0.743
421,41.548,0.69,349,6.605,0.745
422,41.644,0.691,350,6.62,0.746
423,41.746,0.693,350,6.632,0.748
424,41.836,0.694,351,6.647,0.75
425,41.914,0.696,352,6.66,0.751
426,42.016,0.697,352,6.673,0.753
427,42.124,0.699,353,6.688,0.755
428,42.226,0.701,354,6.703,0.757
429,42.346,0.703,355,6.718,0.759
430,42.424,0.704,355,6.733,0.76
431,42.508,0.705,356,6.748,0.762
432,42.586,0.707,357,6.763,0.763
433,42.706,0.709,358,6.776,0.765
434,42.808,0.711,359,6.79,0.767
435,42.898,0.712,359,6.805,0.769
436,42.976,0.713,360,6.82,0.77
437,43.066,0.715,361,6.835,0.772
438,43.156,0.716,362,6.85,0.773
439,43.264,0.718,362,6.865,0.776
440,43.378,0.72,363,6.88,0.778
441,43.474,0.722,364,6.894,0.779
442,43.576,0.723,365,6.911,0.781
443,43.696,0.726,366,6.93,0.784
444,43.798,0.727,367,6.946,0.785
445,43.894,0.729,368,6.963,0.787
446,43.966,0.73,369,6.98,0.789
447,44.068,0.732,369,6.997,0.79
448,44.176,0.733,370,7.011,0.792
449,44.278,0.735,371,7.026,0.794
450,44.368,0.736,372,7.041,0.795
451,44.464,0.738,373,7.058,0.797
452,44.554,0.74,373,7.073,0.799
453,44.626,0.741,374,7.086,0.8
454,44.728,0.743,375,7.101,0.802
455,44.836,0.744,376,7.115,0.804
456,44.914,0.746,376,7.128,0.806
457,45.004,0.747,377,7.143,0.807
458,45.118,0.749,378,7.158,0.809
459,45.214,0.751,379,7.175,0.811
460,45.316,0.752,380,7.19,0.812
461,45.418,0.754,380,7.205,0.814
462,45.526,0.756,381,7.221,0.816
463,45.604,0.757,382,7.238,0.818
464,45.706,0.759,383,7.253,0.82
465,45.808,0.761,384,7.268,0.821
466,45.886,0.762,385,7.284,0.823
467,45.994,0.764,385,7.299,0.825
468,46.108,0.765,386,7.314,0.827
469,46.216,0.768,387,7.331,0.829
470,46.306,0.769,388,7.348,0.831
471,46.396,0.77,389,7.364,0.832
472,46.498,0.772,390,7.379,0.834
473,46.576,0.773,390,7.394,0.835
474,46.696,0.776,391,7.409,0.838
475,46.804,0.777,392,7.426,0.839
476,46.894,0.779,393,7.44,0.841
477,46.966,0.78,394,7.457,0.843
478,47.068,0.782,395,7.472,0.844
479,47.146,0.783,395,7.487,0.845
480,47.248,0.785,396,7.5,0.848
481,47.338,0.786,397,7.515,0.849
482,47.446,0.788,398,7.53,0.851
483,47.536,0.79,398,7.546,0.853
484,47.638,0.791,399,7.561,0.854
485,47.734,0.793,400,7.578,0.856
486,47.848,0.795,401,7.595,0.859
487,47.926,0.797,402,7.611,0.86
488,48.016,0.798,403,7.626,0.862
489,48.106,0.799,403,7.641,0.863
490,48.184,0.801,404,7.656,0.865
491,48.286,0.802,405,7.671,0.866
492,48.406,0.804,406,7.686,0.869
493,48.508,0.806,406,7.699,0.871
494,48.598,0.808,407,7.715,0.872
495,48.688,0.809,408,7.73,0.874
496,48.796,0.811,409,7.747,0.876
497,48.874,0.812,410,7.762,0.877
498,48.946,0.813,411,7.775,0.878
499,49.036,0.815,411,7.79,0.88
500,49.126,0.816,412,7.803,0.882
501,49.228,0.818,413,7.816,0.883
502,49.306,0.819,413,7.829,0.885
503,49.378,0.82,414,7.843,0.886
504,49.486,0.822,415,7.856,0.887
505,49.564,0.823,416,7.871,0.889
506,49.678,0.825,416,7.884,0.891
507,49.786,0.827,417,7.899,0.893
508,49.876,0.829,418,7.916,0.895
509,49.948,0.83,419,7.931,0.896
510,50.038,0.831,420,7.946,0.898
511,50.146,0.834,420,7.96,0.9
512,50.248,0.835,421,7.975,0.902
513,50.344,0.837,422,7.99,0.903
514,50.458,0.838,423,8.005,0.905
515,50.554,0.84,424,8.022,0.907
516,50.626,0.841,424,8.037,0.909
517,50.728,0.843,425,8.051,0.91
518,50.824,0.844,426,8.068,0.912
519,50.908,0.846,427,8.083,0.914
520,50.986,0.847,427,8.096,0.914
521,51.088,0.849,428,8.111,0.917
522,51.196,0.851,429,8.126,0.919
523,51.286,0.852,430,8.141,0.92
524,51.388,0.854,431,8.155,0.922
525,51.496,0.856,431,8.172,0.924
526,51.574,0.857,432,8.189,0.925
527,51.676,0.859,433,8.206,0.928
528,51.778,0.861,434,8.222,0.93
529,51.886,0.862,435,8.239,0.931
530,51.988,0.864,436,8.256,0.933
531,52.084,0.865,437,8.273,0.935
532,52.186,0.867,438,8.289,0.936
533,52.264,0.869,439,8.306,0.938
534,52.336,0.87,439,8.321,0.94
535,52.414,0.871,440,8.334,0.941
536,52.516,0.873,441,8.349,0.942
537,52.606,0.874,441,8.362,0.944
538,52.714,0.876,442,8.375,0.946
539,52.828,0.878,443,8.391,0.948
540,52.924,0.88,444,8.408,0.95
541,53.026,0.881,445,8.425,0.952
542,53.134,0.883,446,8.442,0.954
543,53.236,0.885,447,8.458,0.956
544,53.344,0.887,447,8.475,0.957
545,53.458,0.888,448,8.494,0.959
546,53.536,0.89,449,8.51,0.961
547,53.626,0.891,450,8.525,0.963
548,53.746,0.893,451,8.542,0.965
549,53.854,0.895,452,8.559,0.967
550,53.938,0.896,453,8.575,0.968
551,54.016,0.898,454,8.59,0.969
552,54.124,0.899,454,8.607,0.971
553,54.226,0.901,455,8.622,0.974
554,54.334,0.903,456,8.637,0.975
555,54.418,0.905,457,8.653,0.977
556,54.496,0.905,458,8.668,0.978
557,54.574,0.907,458,8.683,0.979
558,54.664,0.908,459,8.698,0.981
559,54.766,0.91,460,8.713,0.983
560,54.868,0.912,461,8.728,0.985
561,54.946,0.913,462,8.742,0.986
562,55.036,0.915,462,8.757,0.988
563,55.138,0.916,463,8.772,0.99
564,55.246,0.919,464,8.789,0.992
565,55.348,0.92,465,8.804,0.994
566,55.444,0.922,466,8.82,0.995
567,55.558,0.924,467,8.839,0.998
568,55.666,0.926,468,8.858,1
569,55.768,0.927,469,8.874,1.001
570,55.876,0.929,470,8.893,1.003
571,55.966,0.93,470,8.91,1.005
572,56.044,0.932,471,8.924,1.006
573,56.146,0.933,472,8.939,1.008
574,56.224,0.935,473,8.954,1.01
575,56.308,0.936,474,8.969,1.011
576,56.398,0.937,474,8.982,1.012
577,56.506,0.94,475,8.995,1.015
578,56.584,0.941,476,9.01,1.016
579,56.686,0.942,477,9.025,1.017
580,56.776,0.944,477,9.04,1.019
581,56.878,0.946,478,9.054,1.022
582,56.956,0.947,479,9.069,1.022
583,57.046,0.948,480,9.084,1.024
584,57.148,0.95,480,9.099,1.026
585,57.256,0.952,481,9.114,1.028
586,57.346,0.954,482,9.131,1.03
587,57.448,0.955,483,9.145,1.032
588,57.568,0.957,484,9.162,1.033
589,57.688,0.959,485,9.181,1.036
590,57.796,0.961,486,9.197,1.038
591,57.874,0.962,487,9.214,1.039
592,57.946,0.963,487,9.231,1.04
593,58.048,0.965,488,9.246,1.042
594,58.144,0.966,489,9.261,1.044
595,58.246,0.969,490,9.274,1.046
596,58.348,0.97,491,9.29,1.048
597,58.438,0.972,491,9.305,1.049
598,58.546,0.973,492,9.322,1.051
599,58.624,0.975,493,9.337,1.053
600,58.726,0.976,494,9.353,1.055
601,58.828,0.978,495,9.368,1.056
602,58.918,0.98,495,9.383,1.058
603,59.014,0.981,496,9.398,1.06
604,59.134,0.984,497,9.415,1.062
605,59.236,0.985,498,9.431,1.064
606,59.314,0.987,499,9.448,1.066
607,59.416,0.988,500,9.465,1.067
608,59.506,0.99,501,9.482,1.069
609,59.596,0.991,501,9.496,1.071
610,59.674,0.993,502,9.511,1.072
611,59.776,0.994,503,9.526,1.074
612,59.878,0.996,504,9.541,1.076
613,59.956,0.997,505,9.556,1.077
614,60.034,0.998,505,9.571,1.078
615,60.154,1.001,506,9.586,1.081
616,60.268,1.002,507,9.6,1.082
617,60.346,1.004,508,9.615,1.084
618,60.436,1.005,508,9.63,1.085
619,60.544,1.007,509,9.647,1.087
620,60.628,1.009,510,9.66,1.089
621,60.748,1.01,511,9.675,1.091
622,60.868,1.012,512,9.691,1.093
623,60.964,1.014,513,9.708,1.095
624,61.066,1.016,513,9.725,1.097
625,61.156,1.017,514,9.742,1.098
626,61.264,1.019,515,9.758,1.1
627,61.366,1.02,516,9.773,1.102
628,61.444,1.022,517,9.788,1.104
629,61.558,1.024,518,9.805,1.105
630,61.648,1.025,518,9.82,1.107
631,61.768,1.027,519,9.835,1.11
632,61.888,1.029,520,9.851,1.111
633,61.978,1.03,521,9.868,1.113
634,62.074,1.032,522,9.885,1.115
635,62.176,1.034,523,9.901,1.117
636,62.284,1.036,524,9.918,1.119
637,62.356,1.037,524,9.933,1.12
638,62.446,1.038,525,9.948,1.121
639,62.554,1.041,526,9.963,1.124
640,62.638,1.041,527,9.978,1.125
641,62.734,1.044,528,9.992,1.127
642,62.836,1.045,528,10.009,1.129
643,62.926,1.046,529,10.024,1.13
644,63.016,1.048,530,10.039,1.132
645,63.118,1.05,531,10.054,1.134
646,63.226,1.052,532,10.07,1.136
647,63.346,1.054,533,10.087,1.138
648,63.436,1.056,533,10.104,1.14
649,63.544,1.057,534,10.121,1.142
650,63.646,1.059,535,10.137,1.143
651,63.736,1.06,536,10.154,1.145
652,63.844,1.062,537,10.171,1.147
653,63.916,1.063,538,10.186,1.148
654,64.018,1.065,539,10.2,1.15
655,64.134,1.067,539,10.215,1.152
656,64.234,1.069,540,10.232,1.154
657,64.336,1.07,541,10.247,1.156
658,64.408,1.071,542,10.262,1.157
659,64.504,1.073,543,10.278,1.158
660,64.606,1.075,543,10.291,1.161
661,64.684,1.076,544,10.306,1.162
662,64.774,1.077,545,10.319,1.163
663,64.888,1.079,546,10.334,1.166
664,64.966,1.081,546,10.349,1.167
665,65.056,1.082,547,10.364,1.169
666,65.146,1.084,548,10.377,1.17
667,65.224,1.085,549,10.392,1.172
668,65.314,1.087,549,10.405,1.174
669,65.416,1.088,550,10.418,1.175
670,65.548,1.091,551,10.433,1.178
671,65.656,1.092,552,10.449,1.18
672,65.758,1.094,553,10.466,1.181
673,65.866,1.095,553,10.483,1.183
674,65.968,1.098,554,10.499,1.185
675,66.046,1.099,555,10.514,1.186
676,66.148,1.1,556,10.529,1.188
677,66.256,1.102,557,10.546,1.19
678,66.346,1.104,558,10.561,1.192
679,66.436,1.106,558,10.574,1.194
680,66.538,1.107,559,10.59,1.196
681,66.616,1.108,560,10.603,1.196
682,66.706,1.11,561,10.618,1.198
683,66.808,1.112,561,10.631,1.201
684,66.898,1.113,562,10.646,1.202
685,66.976,1.114,563,10.661,1.203
686,67.054,1.116,564,10.674,1.205
687,67.156,1.117,564,10.689,1.207
688,67.258,1.119,565,10.704,1.208
689,67.378,1.121,566,10.719,1.211
690,67.474,1.123,567,10.735,1.213
691,67.576,1.124,568,10.752,1.214
692,67.684,1.126,568,10.767,1.216
693,67.774,1.127,569,10.784,1.217
694,67.876,1.13,570,10.8,1.22
695,67.984,1.131,571,10.815,1.222
696,68.086,1.133,572,10.83,1.223
697,68.188,1.134,573,10.845,1.225
698,68.308,1.137,573,10.862,1.228
699,68.416,1.138,574,10.878,1.229
700,68.524,1.14,575,10.893,1.231
701,68.608,1.142,576,10.91,1.233
702,68.716,1.143,577,10.925,1.234
703,68.806,1.145,578,10.94,1.236
704,68.896,1.146,578,10.954,1.238
705,68.968,1.148,579,10.967,1.24
706,69.064,1.149,580,10.982,1.241
707,69.154,1.151,581,10.995,1.243
708,69.256,1.152,581,11.01,1.245
709,69.358,1.154,582,11.023,1.246
710,69.466,1.156,583,11.038,1.248
711,69.568,1.157,584,11.053,1.25
712,69.658,1.159,584,11.068,1.251
713,69.766,1.161,585,11.083,1.254
714,69.874,1.163,586,11.099,1.256
715,69.946,1.164,587,11.114,1.257
716,70.048,1.166,588,11.127,1.259
717,70.156,1.167,588,11.144,1.261
718,70.258,1.169,589,11.159,1.262
719,70.354,1.17,590,11.172,1.264
720,70.456,1.172,591,11.189,1.266
721,70.546,1.174,592,11.203,1.267
722,70.624,1.175,592,11.218,1.269
723,70.726,1.177,593,11.233,1.271
724,70.828,1.178,594,11.248,1.272
725,70.924,1.181,595,11.263,1.275
726,70.996,1.181,595,11.278,1.276
727,71.098,1.183,596,11.293,1.278
728,71.176,1.184,597,11.307,1.279
729,71.278,1.186,598,11.322,1.281
730,71.374,1.188,599,11.335,1.283
731,71.464,1.189,599,11.35,1.284
732,71.566,1.191,600,11.365,1.286
733,71.656,1.192,601,11.38,1.288
734,71.734,1.194,602,11.393,1.289
735,71.806,1.196,602,11.406,1.291
736,71.878,1.196,603,11.419,1.292
737,71.956,1.198,604,11.432,1.294
738,72.046,1.199,604,11.443,1.295
739,72.148,1.201,605,11.456,1.297
740,72.244,1.202,606,11.469,1.299
741,72.328,1.204,606,11.482,1.3
742,72.424,1.206,607,11.497,1.302
743,72.514,1.207,608,11.512,1.304
744,72.586,1.208,609,11.525,1.305
745,72.688,1.21,609,11.54,1.306
746,72.796,1.212,610,11.553,1.308
747,72.886,1.213,611,11.567,1.31
748,72.988,1.215,612,11.582,1.312
749,73.066,1.216,612,11.597,1.313
750,73.156,1.217,613,11.61,1.315
751,73.258,1.219,614,11.625,1.316
752,73.366,1.221,615,11.64,1.319
753,73.468,1.223,615,11.655,1.321
754,73.576,1.224,616,11.67,1.322
755,73.696,1.227,617,11.686,1.325
756,73.804,1.228,618,11.703,1.326
757,73.876,1.23,619,11.718,1.328
758,73.978,1.231,619,11.733,1.33
759,74.074,1.233,620,11.748,1.332
760,74.176,1.235,621,11.762,1.333
761,74.278,1.236,622,11.777,1.335
762,74.356,1.238,623,11.792,1.337
763,74.428,1.238,623,11.805,1.337
764,74.524,1.24,624,11.818,1.34
765,74.608,1.242,625,11.831,1.341
766,74.716,1.244,625,11.846,1.343
767,74.818,1.246,626,11.859,1.345
768,74.908,1.247,627,11.874,1.347
769,75.016,1.249,628,11.889,1.348
770,75.136,1.251,629,11.905,1.351
771,75.238,1.253,629,11.922,1.353
772,75.346,1.254,630,11.937,1.354
773,75.436,1.256,631,11.954,1.356
774,75.526,1.257,632,11.969,1.358
775,75.604,1.259,633,11.982,1.359
776,75.694,1.26,633,11.995,1.361
777,75.796,1.262,634,12.008,1.363
778,75.874,1.263,635,12.021,1.364
779,75.946,1.264,635,12.034,1.365
780,76.024,1.266,636,12.047,1.367
781,76.138,1.267,637,12.06,1.369
782,76.246,1.269,637,12.073,1.37
783,76.336,1.27,638,12.086,1.372
784,76.426,1.272,639,12.1,1.374
785,76.528,1.274,640,12.113,1.375
786,76.606,1.275,640,12.128,1.377
787,76.714,1.277,641,12.141,1.379
788,76.828,1.279,642,12.156,1.381
789,76.924,1.281,643,12.171,1.383
790,77.008,1.282,643,12.184,1.384
791,77.104,1.284,644,12.199,1.386
792,77.206,1.285,645,12.214,1.388
793,77.308,1.287,646,12.229,1.39
794,77.398,1.288,646,12.242,1.391
795,77.518,1.29,647,12.256,1.393
796,77.596,1.292,648,12.271,1.395
797,77.704,1.293,649,12.286,1.397
798,77.806,1.295,649,12.301,1.398
799,77.908,1.297,650,12.314,1.4
800,77.986,1.298,651,12.329,1.402
801,78.076,1.3,652,12.342,1.403
802,78.178,1.301,652,12.357,1.405
803,78.286,1.303,653,12.37,1.408
804,78.364,1.305,654,12.383,1.409
805,78.466,1.306,655,12.398,1.411
806,78.556,1.308,655,12.411,1.412
807,78.664,1.31,656,12.425,1.414
808,78.766,1.311,657,12.44,1.416
809,78.874,1.314,658,12.457,1.418
810,78.964,1.315,659,12.472,1.42
811,79.048,1.317,659,12.487,1.422
812,79.138,1.318,660,12.5,1.423
813,79.234,1.32,661,12.515,1.425
814,79.324,1.321,661,12.528,1.426
815,79.426,1.323,662,12.541,1.428
816,79.516,1.324,663,12.554,1.429
817,79.594,1.325,664,12.567,1.431
818,79.708,1.327,664,12.58,1.433
819,79.816,1.329,665,12.593,1.435
820,79.906,1.331,666,12.606,1.437
821,79.978,1.332,666,12.619,1.438
822,80.068,1.333,667,12.634,1.44
823,80.218,1.335,668,12.647,1.442
824,80.326,1.337,669,12.661,1.444
825,80.428,1.339,669,12.676,1.446
826,80.524,1.341,670,12.693,1.448
827,80.596,1.342,671,12.708,1.449
828,80.704,1.344,672,12.721,1.451
829,80.806,1.346,672,12.736,1.453
830,80.884,1.347,673,12.749,1.454
831,80.956,1.348,674,12.762,1.456
832,81.046,1.35,674,12.773,1.457
833,81.148,1.351,675,12.786,1.459
834,81.226,1.353,676,12.797,1.461
835,81.316,1.354,676,12.81,1.462
836,81.424,1.356,677,12.823,1.464
837,81.526,1.357,678,12.836,1.466
838,81.634,1.359,678,12.849,1.467
839,81.748,1.361,679,12.864,1.47
840,81.844,1.363,680,12.879,1.472
841,81.916,1.364,681,12.894,1.473
842,82.006,1.365,681,12.907,1.474
843,82.108,1.367,682,12.92,1.476
844,82.217,1.369,683,12.933,1.479
845,82.324,1.371,684,12.947,1.48
846,82.426,1.372,684,12.962,1.482
847,82.528,1.375,685,12.977,1.484
848,82.606,1.375,686,12.99,1.485
849,82.696,1.377,687,13.005,1.487
850,82.798,1.379,687,13.018,1.489
851,82.906,1.381,688,13.033,1.491
852,82.996,1.382,689,13.046,1.493
853,83.098,1.384,690,13.061,1.494
854,83.194,1.385,690,13.074,1.496
855,83.308,1.387,691,13.089,1.498
856,83.404,1.389,692,13.102,1.5
857,83.506,1.391,693,13.116,1.502
858,83.596,1.392,693,13.129,1.503
859,83.704,1.394,694,13.144,1.506
860,83.806,1.396,695,13.157,1.507
861,83.884,1.397,695,13.17,1.508
862,83.956,1.398,696,13.181,1.51
863,84.046,1.4,697,13.194,1.511
864,84.136,1.401,697,13.206,1.513
865,84.226,1.403,698,13.219,1.515
866,84.304,1.403,699,13.23,1.516
867,84.406,1.405,699,13.243,1.518
868,84.508,1.407,700,13.256,1.519
869,84.586,1.408,701,13.269,1.521
870,84.694,1.411,701,13.282,1.523
871,84.784,1.412,702,13.295,1.525
872,84.886,1.414,703,13.308,1.527
873,84.988,1.415,703,13.323,1.528
874,85.066,1.416,704,13.336,1.53
875,85.168,1.418,705,13.349,1.532
876,85.264,1.42,706,13.363,1.533
877,85.366,1.421,706,13.376,1.535
878,85.468,1.423,707,13.389,1.537
879,85.576,1.425,708,13.404,1.539
880,85.678,1.426,709,13.419,1.54
881,85.774,1.428,709,13.432,1.543
882,85.876,1.43,710,13.447,1.544
883,85.978,1.432,711,13.462,1.546
884,86.084,1.434,712,13.477,1.549
885,86.206,1.435,712,13.492,1.55
886,86.308,1.437,713,13.506,1.552
887,86.398,1.439,714,13.521,1.554
888,86.518,1.441,715,13.538,1.556
889,86.614,1.443,716,13.553,1.558
890,86.716,1.444,716,13.568,1.56
891,86.806,1.446,717,13.583,1.561
892,86.884,1.447,718,13.597,1.563
893,86.968,1.449,719,13.61,1.565
894,87.064,1.45,719,13.622,1.566
895,87.154,1.452,720,13.635,1.568
896,87.256,1.454,721,13.648,1.57
897,87.346,1.455,721,13.661,1.571
898,87.448,1.457,722,13.674,1.573
899,87.544,1.458,723,13.687,1.575
900,87.616,1.459,723,13.7,1.576
901,87.706,1.46,724,13.711,1.577
902,87.808,1.462,725,13.724,1.579
903,87.904,1.464,725,13.737,1.581
904,87.988,1.465,726,13.748,1.582
905,88.084,1.467,727,13.761,1.584
906,88.186,1.468,727,13.774,1.586
907,88.288,1.47,728,13.787,1.587
908,88.396,1.472,729,13.802,1.59
909,88.498,1.474,729,13.815,1.592
910,88.594,1.475,730,13.83,1.593
911,88.708,1.477,731,13.844,1.595
912,88.804,1.478,732,13.859,1.597
913,88.894,1.48,732,13.872,1.598
914,88.966,1.482,733,13.885,1.6
915,89.044,1.483,734,13.898,1.602
916,89.146,1.485,735,13.911,1.603
917,89.254,1.486,735,13.922,1.605
918,89.344,1.488,736,13.935,1.607
919,89.446,1.49,736,13.948,1.609
920,89.548,1.491,737,13.963,1.61
921,89.638,1.493,738,13.976,1.612
922,89.734,1.495,739,13.991,1.614
923,89.836,1.496,739,14.004,1.616
924,89.908,1.497,740,14.017,1.617
925,90.016,1.499,741,14.03,1.619
926,90.136,1.501,742,14.045,1.621
927,90.238,1.503,742,14.06,1.623
928,90.334,1.504,743,14.075,1.625
929,90.424,1.506,744,14.09,1.626
930,90.526,1.508,745,14.105,1.629
931,90.604,1.509,745,14.117,1.63
932,90.706,1.511,746,14.13,1.632
933,90.814,1.513,747,14.145,1.634
934,90.904,1.514,748,14.158,1.636
935,90.976,1.515,748,14.171,1.636
936,91.048,1.517,749,14.184,1.638
937,91.138,1.518,750,14.197,1.64
938,91.234,1.52,750,14.208,1.641
939,91.336,1.522,751,14.22,1.643
940,91.438,1.523,751,14.231,1.645
941,91.546,1.525,752,14.246,1.647
942,91.678,1.527,753,14.259,1.649
943,91.786,1.529,754,14.274,1.651
944,91.876,1.53,754,14.288,1.652
945,91.954,1.532,755,14.303,1.654
946,92.056,1.533,756,14.316,1.656
947,92.134,1.535,757,14.329,1.657
948,92.236,1.536,757,14.342,1.659
949,92.338,1.538,758,14.355,1.661
950,92.446,1.54,759,14.368,1.663
951,92.536,1.541,759,14.381,1.664
952,92.638,1.543,760,14.394,1.666
953,92.746,1.545,761,14.409,1.668
954,92.836,1.546,761,14.422,1.67
955,92.914,1.547,762,14.435,1.671
956,93.016,1.549,763,14.448,1.673
957,93.124,1.551,764,14.461,1.675
958,93.226,1.553,764,14.474,1.677
959,93.328,1.554,765,14.487,1.679
960,93.448,1.556,766,14.502,1.681
961,93.544,1.558,766,14.517,1.683
962,93.616,1.559,767,14.532,1.684
963,93.706,1.561,768,14.545,1.685
964,93.814,1.563,769,14.56,1.687
965,93.928,1.565,769,14.573,1.69
966,94.024,1.566,770,14.586,1.691
967,94.108,1.568,771,14.6,1.693
968,94.228,1.57,772,14.613,1.695
969,94.324,1.572,772,14.628,1.697
970,94.396,1.572,773,14.643,1.698
971,94.498,1.574,774,14.656,1.7
972,94.576,1.576,775,14.669,1.701
973,94.684,1.578,775,14.684,1.704
974,94.798,1.579,776,14.697,1.706
975,94.894,1.581,777,14.71,1.707
976,94.966,1.583,777,14.723,1.709
977,95.038,1.583,778,14.736,1.71
978,95.128,1.585,779,14.747,1.712
979,95.236,1.586,779,14.758,1.713
980,95.314,1.588,780,14.769,1.715
981,95.416,1.59,781,14.782,1.717
982,95.518,1.591,781,14.794,1.718
983,95.596,1.593,782,14.807,1.72
984,95.716,1.594,782,14.82,1.722
985,95.824,1.597,783,14.833,1.724
986,95.908,1.597,784,14.846,1.725
987,96.004,1.599,785,14.86,1.727
988,96.118,1.601,785,14.873,1.729
989,96.238,1.603,786,14.888,1.731
990,96.328,1.604,787,14.901,1.733
991,96.406,1.606,787,14.914,1.734
992,96.508,1.608,788,14.927,1.736
993,96.586,1.609,789,14.94,1.738
994,96.694,1.611,790,14.953,1.739
995,96.796,1.612,790,14.966,1.741
996,96.874,1.614,791,14.979,1.743
997,96.964,1.615,791,14.99,1.744
998,97.036,1.616,792,15.003,1.745
999,97.114,1.618,793,15.015,1.747
1000,97.216,1.619,793,15.026,1.749
1001,97.318,1.621,794,15.037,1.75
1002,97.414,1.622,795,15.05,1.752
1003,97.516,1.624,795,15.063,1.754
1004,97.588,1.626,796,15.076,1.755
1005,97.708,1.628,797,15.091,1.758
1006,97.816,1.629,797,15.104,1.76
1007,97.906,1.631,798,15.119,1.761
1008,97.978,1.633,799,15.132,1.763
1009,98.068,1.634,800,15.145,1.765
1010,98.146,1.635,800,15.158,1.766
1011,98.254,1.637,801,15.169,1.768
1012,98.326,1.638,802,15.182,1.769
1013,98.428,1.64,802,15.195,1.771
1014,98.524,1.642,803,15.208,1.773
1015,98.596,1.643,804,15.219,1.774
1016,98.704,1.644,804,15.232,1.776
1017,98.806,1.647,805,15.245,1.778
1018,98.896,1.648,806,15.258,1.78
1019,98.998,1.65,806,15.271,1.782
1020,99.094,1.651,807,15.284,1.783
1021,99.178,1.652,808,15.297,1.784
1022,99.286,1.654,808,15.31,1.787
1023,99.388,1.656,809,15.323,1.788
1024,99.478,1.658,810,15.336,1.79
1025,99.574,1.659,810,15.347,1.792
1026,99.658,1.66,811,15.36,1.793
1027,99.766,1.662,812,15.373,1.795
1028,99.868,1.664,812,15.384,1.797
1029,99.946,1.665,813,15.397,1.798
1030,100.066,1.667,814,15.41,1.8
1031,100.186,1.669,814,15.425,1.803
1032,100.284,1.671,815,15.44,1.804
1033,100.354,1.672,816,15.453,1.805
1034,100.468,1.674,817,15.466,1.808
1035,100.576,1.676,817,15.481,1.81
1036,100.666,1.677,818,15.494,1.811
1037,100.768,1.679,819,15.507,1.813
1038,100.864,1.68,819,15.52,1.815
1039,100.936,1.682,820,15.533,1.816
1040,101.038,1.683,821,15.544,1.818
1041,101.146,1.685,821,15.557,1.82
1042,101.248,1.687,822,15.57,1.821
1043,101.356,1.689,823,15.583,1.823
1044,101.446,1.69,823,15.596,1.825
1045,101.536,1.691,824,15.609,1.826
1046,101.614,1.693,825,15.622,1.828
1047,101.716,1.694,826,15.635,1.83
1048,101.818,1.696,826,15.646,1.832
1049,101.908,1.698,827,15.659,1.833
1050,101.986,1.699,827,15.672,1.835
1051,102.064,1.701,828,15.683,1.837
1052,102.184,1.703,829,15.696,1.839
1053,102.286,1.705,829,15.709,1.841
1054,102.388,1.706,830,15.724,1.842
1055,102.496,1.708,831,15.737,1.844
1056,102.574,1.709,832,15.752,1.846
1057,102.676,1.711,832,15.765,1.847
1058,102.784,1.713,833,15.778,1.85
1059,102.898,1.715,834,15.791,1.852
1060,103.018,1.717,835,15.806,1.854
1061,103.126,1.719,835,15.821,1.856
1062,103.228,1.72,836,15.834,1.858
1063,103.324,1.722,837,15.849,1.859
1064,103.426,1.723,837,15.862,1.861
1065,103.516,1.725,838,15.875,1.863
1066,103.594,1.726,839,15.888,1.864
1067,103.696,1.728,839,15.899,1.866
1068,103.798,1.73,840,15.912,1.868
1069,103.894,1.731,841,15.925,1.869
1070,103.978,1.733,841,15.936,1.871
1071,104.074,1.734,842,15.949,1.873
1072,104.176,1.736,843,15.962,1.875
1073,104.278,1.737,843,15.973,1.876
1074,104.368,1.739,844,15.986,1.878
1075,104.476,1.74,845,15.999,1.88
1076,104.578,1.743,845,16.012,1.882
1077,104.668,1.744,846,16.025,1.883
1078,104.776,1.746,847,16.038,1.885
1079,104.884,1.748,847,16.051,1.887
1080,104.986,1.749,848,16.064,1.889
1081,105.064,1.751,849,16.077,1.89
1082,105.136,1.751,849,16.088,1.891
1083,105.214,1.753,850,16.099,1.893
1084,105.328,1.755,851,16.112,1.895
1085,105.436,1.757,851,16.123,1.897
1086,105.544,1.758,852,16.136,1.899
1087,105.628,1.76,853,16.149,1.901
1088,105.736,1.762,853,16.162,1.902
1089,105.844,1.764,854,16.177,1.904
1090,105.928,1.765,855,16.188,1.906
1091,106.006,1.766,855,16.201,1.907
1092,106.096,1.768,856,16.213,1.909
1093,106.198,1.769,857,16.226,1.911
1094,106.276,1.771,857,16.239,1.913
1095,106.354,1.772,858,16.252,1.914
1096,106.426,1.774,859,16.263,1.916
1097,106.504,1.775,859,16.274,1.917
1098,106.594,1.776,860,16.285,1.918
1099,106.708,1.778,860,16.296,1.92
1100,106.816,1.78,861,16.307,1.923
1101,106.906,1.782,862,16.32,1.924
1102,107.008,1.783,862,16.331,1.926
1103,107.104,1.785,863,16.346,1.928
1104,107.224,1.787,864,16.359,1.929
1105,107.314,1.788,864,16.372,1.931
1106,107.416,1.79,865,16.385,1.933
1107,107.524,1.792,866,16.398,1.935
1108,107.614,1.793,867,16.411,1.936
1109,107.728,1.795,867,16.422,1.939
1110,107.824,1.797,868,16.435,1.94
1111,107.914,1.798,868,16.448,1.942
1112,108.016,1.8,869,16.461,1.944
1113,108.118,1.801,870,16.474,1.945
1114,108.244,1.804,871,16.487,1.948
1115,108.346,1.805,871,16.5,1.95
1116,108.448,1.807,872,16.513,1.951
1117,108.568,1.809,873,16.528,1.954
1118,108.676,1.811,873,16.541,1.956
1119,108.778,1.812,874,16.556,1.957
1120,108.886,1.815,875,16.569,1.96
1121,108.964,1.816,876,16.582,1.961
1122,109.066,1.817,876,16.595,1.962
1123,109.174,1.819,877,16.608,1.965
1124,109.276,1.821,878,16.621,1.967
1125,109.378,1.823,878,16.632,1.968
1126,109.498,1.825,879,16.647,1.97
1127,109.588,1.826,880,16.66,1.972
1128,109.696,1.828,880,16.673,1.974
1129,109.804,1.83,881,16.688,1.976
1130,109.876,1.831,882,16.701,1.978
1131,109.978,1.833,883,16.714,1.979
1132,110.098,1.835,883,16.727,1.982
1133,110.206,1.837,884,16.74,1.983
1134,110.296,1.838,885,16.753,1.985
1135,110.368,1.84,885,16.766,1.987
1136,110.458,1.841,886,16.779,1.988
1137,110.548,1.842,887,16.792,1.989
1138,110.626,1.844,887,16.801,1.991
1139,110.704,1.845,888,16.812,1.993
1140,110.806,1.847,888,16.822,1.994
1141,110.878,1.848,889,16.833,1.995
1142,110.956,1.849,889,16.844,1.997
1143,111.046,1.851,890,16.853,1.999
1144,111.136,1.852,890,16.864,2
1145,111.238,1.854,891,16.876,2.002
1146,111.316,1.855,892,16.885,2.004
1147,111.418,1.857,892,16.898,2.005
1148,111.538,1.859,893,16.911,2.007
1149,111.616,1.86,893,16.922,2.009
1150,111.706,1.862,894,16.935,2.01
1151,111.808,1.863,895,16.948,2.012
1152,111.898,1.865,896,16.961,2.014
1153,111.994,1.866,896,16.972,2.015
1154,112.108,1.868,897,16.985,2.018
1155,112.204,1.87,898,16.998,2.02
1156,112.324,1.872,898,17.011,2.021
1157,112.414,1.873,899,17.024,2.023
1158,112.516,1.875,900,17.037,2.025
1159,112.594,1.877,900,17.05,2.026
1160,112.714,1.878,901,17.063,2.028
1161,112.828,1.88,902,17.074,2.031
1162,112.906,1.881,902,17.087,2.032
1163,112.984,1.883,903,17.099,2.033
1164,113.086,1.884,903,17.111,2.035
1165,113.206,1.887,904,17.124,2.037
1166,113.326,1.888,905,17.138,2.039
1167,113.416,1.89,906,17.151,2.041
1168,113.506,1.891,906,17.164,2.043
1169,113.608,1.893,907,17.176,2.045
1170,113.716,1.895,908,17.19,2.047
1171,113.824,1.897,908,17.202,2.049
1172,113.908,1.898,909,17.216,2.05
1173,114.016,1.9,910,17.229,2.052
1174,114.124,1.902,910,17.243,2.054
1175,114.226,1.904,911,17.256,2.056
1176,114.346,1.906,912,17.269,2.059
1177,114.448,1.908,913,17.284,2.06
1178,114.538,1.909,913,17.297,2.062
1179,114.616,1.91,914,17.308,2.063
1180,114.724,1.912,915,17.321,2.065
1181,114.838,1.914,915,17.333,2.067
1182,114.934,1.916,916,17.346,2.069
1183,115.006,1.917,916,17.357,2.07
1184,115.108,1.919,917,17.37,2.072
1185,115.198,1.92,918,17.381,2.073
1186,115.276,1.921,918,17.392,2.075
1187,115.354,1.923,919,17.401,2.076
1188,115.456,1.924,919,17.412,2.078
1189,115.564,1.926,920,17.424,2.08
1190,115.648,1.927,921,17.435,2.081
1191,115.744,1.929,921,17.446,2.083
1192,115.864,1.931,922,17.459,2.086
1193,115.936,1.932,922,17.47,2.086
1194,116.014,1.934,923,17.481,2.088
1195,116.116,1.935,924,17.492,2.09
1196,116.224,1.937,924,17.505,2.091
1197,116.308,1.938,925,17.516,2.093
1198,116.398,1.94,925,17.528,2.095
1199,116.506,1.941,926,17.539,2.097
1200,116.584,1.943,927,17.55,2.098
1201,116.704,1.945,927,17.563,2.101
1202,116.818,1.947,928,17.576,2.102
1203,116.914,1.948,929,17.589,2.104
1204,116.986,1.95,929,17.6,2.106
1205,117.076,1.952,930,17.613,2.108
1206,117.178,1.953,931,17.626,2.109
1207,117.274,1.955,931,17.637,2.111
1208,117.388,1.956,932,17.648,2.113
1209,117.508,1.959,933,17.661,2.115
1210,117.586,1.96,933,17.674,2.117
1211,117.676,1.962,934,17.687,2.118
1212,117.778,1.963,934,17.698,2.12
1213,117.886,1.965,935,17.711,2.122
1214,117.958,1.966,936,17.723,2.124
1215,118.054,1.968,936,17.734,2.125
1216,118.156,1.97,937,17.745,2.127
1217,118.234,1.971,938,17.758,2.129
1218,118.306,1.972,938,17.767,2.129
1219,118.408,1.974,939,17.778,2.131
1220,118.516,1.975,939,17.789,2.133
1221,118.594,1.977,940,17.801,2.135
1222,118.708,1.979,940,17.812,2.137
1223,118.798,1.98,941,17.823,2.138
1224,118.906,1.982,942,17.834,2.14
1225,119.008,1.984,942,17.847,2.142
1226,119.084,1.985,943,17.86,2.144
1227,119.158,1.986,944,17.871,2.145
1228,119.248,1.988,944,17.882,2.146
1229,119.326,1.989,945,17.892,2.148
1230,119.428,1.991,945,17.903,2.15
1231,119.518,1.992,946,17.912,2.151
1232,119.614,1.994,946,17.923,2.153
1233,119.716,1.995,947,17.934,2.155
1234,119.806,1.997,948,17.947,2.156
1235,119.896,1.998,948,17.958,2.158
1236,120.016,2,949,17.97,2.16
1237,120.136,2.002,949,17.983,2.162
1238,120.238,2.004,950,17.994,2.164
1239,120.358,2.006,951,18.009,2.167
1240,120.466,2.008,952,18.022,2.168
1241,120.574,2.009,952,18.036,2.17
1242,120.658,2.011,953,18.049,2.172
1243,120.748,2.013,954,18.062,2.173
1244,120.856,2.014,954,18.074,2.175
1245,120.934,2.016,955,18.087,2.177
1246,121.006,2.017,956,18.098,2.179
1247,121.096,2.019,956,18.107,2.18
1248,121.198,2.02,957,18.118,2.182
1249,121.294,2.022,957,18.131,2.183
1250,121.408,2.023,958,18.144,2.185
1251,121.498,2.025,959,18.155,2.187
1252,121.576,2.027,959,18.168,2.189
1253,121.696,2.029,960,18.181,2.191
1254,121.804,2.03,961,18.192,2.193
1255,121.906,2.032,961,18.205,2.194
1256,121.978,2.034,962,18.217,2.196
1257,122.074,2.035,963,18.23,2.198
1258,122.182,2.037,963,18.243,2.2
1259,122.284,2.038,964,18.254,2.201
1260,122.386,2.04,964,18.263,2.203
1261,122.488,2.042,965,18.276,2.205
1262,122.578,2.043,966,18.287,2.206
1263,122.698,2.045,966,18.298,2.209
1264,122.818,2.047,967,18.311,2.211
1265,122.908,2.049,967,18.322,2.212
1266,122.998,2.05,968,18.334,2.214
1267,123.094,2.053,969,18.345,2.217
1268,123.196,2.053,969,18.35,2.217
1269,123.286,2.054,969,18.352,2.218
1270,123.376,2.056,969,18.352,2.22
1271,123.496,2.059,969,18.358,2.223
1272,123.574,2.06,970,18.367,2.225
1273,123.676,2.062,970,18.378,2.227
1274,123.778,2.063,971,18.391,2.227
1275,123.886,2.065,972,18.408,2.23
1276,123.988,2.067,973,18.421,2.232
1277,124.066,2.068,973,18.432,2.233
1278,124.144,2.069,974,18.443,2.235
1279,124.234,2.07,974,18.454,2.236
1280,124.348,2.073,975,18.465,2.238
1281,124.468,2.074,976,18.478,2.24
1282,124.564,2.077,976,18.49,2.243
1283,124.678,2.078,977,18.503,2.244
1284,124.774,2.08,978,18.517,2.246
1285,124.876,2.081,978,18.53,2.248
1286,124.966,2.083,979,18.542,2.249
1287,125.044,2.085,980,18.555,2.251
1288,125.158,2.086,980,18.566,2.253
1289,125.266,2.088,981,18.579,2.255
1290,125.368,2.09,982,18.59,2.257
1291,125.464,2.091,982,18.603,2.259
1292,125.554,2.093,983,18.616,2.26
1293,125.656,2.095,984,18.629,2.262
1294,125.746,2.096,984,18.642,2.264
1295,125.836,2.098,985,18.653,2.265
1296,125.914,2.099,985,18.664,2.267
1297,126.016,2.101,986,18.675,2.269
1298,126.118,2.103,987,18.687,2.271
1299,126.196,2.104,987,18.698,2.272
1300,126.298,2.106,988,18.709,2.274
1301,126.394,2.107,988,18.718,2.276
1302,126.508,2.109,989,18.729,2.277
1303,126.586,2.11,989,18.74,2.279
1304,126.688,2.112,990,18.752,2.281
1305,126.796,2.113,991,18.763,2.282
1306,126.886,2.115,991,18.776,2.284
1307,126.958,2.117,992,18.785,2.286
1308,127.048,2.118,992,18.796,2.287
1309,127.138,2.12,993,18.807,2.289
1310,127.228,2.121,994,18.817,2.29
1311,127.306,2.122,994,18.828,2.292
1312,127.414,2.124,995,18.837,2.294
1313,127.528,2.126,995,18.848,2.296
1314,127.618,2.127,996,18.859,2.298
1315,127.726,2.129,996,18.87,2.299
1316,127.834,2.131,997,18.883,2.301
1317,127.918,2.132,998,18.895,2.303
1318,128.014,2.134,998,18.908,2.304
1319,128.116,2.135,999,18.919,2.306
1320,128.206,2.137,999,18.93,2.308
1321,128.296,2.138,1000,18.941,2.309
1322,128.416,2.141,1001,18.952,2.312
1323,128.506,2.142,1001,18.965,2.314
1324,128.584,2.143,1002,18.974,2.314
1325,128.71,2.146,1003,18.987,2.317
1326,128.818,2.147,1003,18.999,2.319
1327,128.914,2.149,1004,19.012,2.321
1328,128.986,2.15,1004,19.023,2.322
1329,129.076,2.152,1005,19.034,2.324
1330,129.178,2.153,1006,19.045,2.325
1331,129.274,2.155,1006,19.056,2.327
1332,129.376,2.157,1007,19.069,2.33
1333,129.478,2.159,1007,19.08,2.331
1334,129.568,2.16,1008,19.091,2.333
1335,129.664,2.162,1009,19.104,2.335
1336,129.766,2.163,1009,19.117,2.336
1337,129.856,2.165,1010,19.129,2.338
1338,129.928,2.167,1011,19.14,2.34
1339,130.024,2.168,1011,19.149,2.341
1340,130.126,2.17,1012,19.16,2.343
1341,130.216,2.171,1012,19.169,2.345
1342,130.294,2.172,1013,19.179,2.346
1343,130.384,2.174,1013,19.19,2.347
1344,130.486,2.175,1014,19.199,2.349
1345,130.584,2.177,1014,19.21,2.352
1346,130.696,2.179,1015,19.22,2.353
1347,130.816,2.181,1015,19.233,2.355
1348,130.906,2.182,1016,19.244,2.357
1349,131.008,2.184,1017,19.255,2.358
1350,131.098,2.185,1017,19.266,2.36
1351,131.176,2.187,1018,19.275,2.362
1352,131.254,2.188,1018,19.286,2.363
1353,131.344,2.189,1019,19.296,2.364
1354,131.458,2.192,1019,19.305,2.367
1355,131.554,2.193,1020,19.316,2.368
1356,131.626,2.194,1020,19.325,2.369
1357,131.728,2.196,1021,19.337,2.371
1358,131.848,2.198,1022,19.348,2.374
1359,131.938,2.199,1022,19.359,2.375
1360,132.028,2.201,1023,19.368,2.377
1361,132.136,2.203,1023,19.379,2.379
1362,132.226,2.204,1024,19.39,2.38
1363,132.316,2.206,1024,19.402,2.382
1364,132.418,2.207,1025,19.411,2.384
1365,132.514,2.209,1025,19.422,2.385
1366,132.598,2.21,1026,19.433,2.387
1367,132.718,2.213,1027,19.442,2.39
1368,132.826,2.214,1027,19.454,2.391
1369,132.946,2.217,1028,19.465,2.394
1370,133.036,2.218,1028,19.478,2.395
1371,133.114,2.219,1029,19.489,2.397
1372,133.186,2.221,1030,19.5,2.398
1373,133.264,2.222,1030,19.509,2.4
1374,133.366,2.224,1031,19.519,2.401
1375,133.474,2.225,1031,19.53,2.403
1376,133.576,2.228,1032,19.541,2.406
1377,133.696,2.229,1032,19.552,2.407
1378,133.804,2.231,1033,19.563,2.409
1379,133.918,2.233,1034,19.576,2.412
1380,134.014,2.235,1034,19.587,2.413
1381,134.116,2.236,1035,19.598,2.415
1382,134.194,2.237,1035,19.61,2.416
1383,134.278,2.239,1036,19.619,2.417
1384,134.374,2.24,1036,19.628,2.419
1385,134.488,2.242,1037,19.639,2.422
1386,134.578,2.244,1037,19.649,2.423
1387,134.656,2.245,1038,19.658,2.424
1388,134.746,2.246,1039,19.669,2.426
1389,134.848,2.248,1039,19.678,2.428
1390,134.926,2.25,1040,19.688,2.429
1391,135.028,2.251,1040,19.699,2.431
1392,135.148,2.253,1041,19.708,2.433
1393,135.238,2.255,1041,19.719,2.435
1394,135.346,2.256,1042,19.73,2.437
1395,135.448,2.258,1042,19.74,2.439
1396,135.544,2.26,1043,19.751,2.44
1397,135.616,2.261,1043,19.762,2.442
1398,135.706,2.263,1044,19.771,2.444
1399,135.808,2.264,1045,19.782,2.445
1400,135.898,2.266,1045,19.792,2.447
1401,135.988,2.267,1045,19.801,2.449
1402,136.096,2.269,1046,19.81,2.45
1403,136.216,2.271,1047,19.821,2.452
1404,136.306,2.272,1047,19.832,2.454
1405,136.396,2.274,1048,19.844,2.455
1406,136.498,2.275,1048,19.855,2.457
1407,136.606,2.278,1049,19.866,2.46
1408,136.684,2.279,1049,19.875,2.461
1409,136.786,2.281,1050,19.886,2.463
1410,136.894,2.282,1051,19.897,2.465
1411,137.008,2.284,1051,19.909,2.466
1412,137.104,2.286,1052,19.918,2.469
1413,137.206,2.288,1052,19.929,2.471
1414,137.296,2.289,1053,19.94,2.472
1415,137.404,2.291,1054,19.953,2.474
1416,137.518,2.293,1054,19.964,2.477
1417,137.638,2.295,1055,19.975,2.478
1418,137.728,2.296,1055,19.987,2.48
1419,137.836,2.299,1056,19.998,2.482
1420,137.926,2.3,1056,20.009,2.483
1421,138.034,2.302,1057,20.02,2.486
1422,138.106,2.303,1058,20.029,2.487
1423,138.184,2.304,1058,20.037,2.488
1424,138.298,2.306,1058,20.046,2.49
1425,138.394,2.307,1059,20.055,2.492
1426,138.496,2.309,1059,20.065,2.493
1427,138.604,2.311,1060,20.076,2.496
1428,138.706,2.313,1061,20.087,2.498
1429,138.808,2.314,1061,20.096,2.499
1430,138.886,2.316,1062,20.105,2.501
1431,138.976,2.317,1062,20.115,2.503
1432,139.078,2.319,1063,20.126,2.504
1433,139.174,2.321,1063,20.135,2.506
1434,139.258,2.321,1064,20.145,2.507
1435,139.348,2.323,1064,20.154,2.509
1436,139.456,2.325,1065,20.163,2.511
1437,139.558,2.327,1065,20.174,2.513
1438,139.636,2.328,1066,20.182,2.514
1439,139.726,2.329,1066,20.193,2.515
1440,139.828,2.332,1067,20.202,2.518
1441,139.918,2.333,1067,20.211,2.519
1442,140.026,2.335,1068,20.221,2.521
1443,140.164,2.337,1068,20.232,2.524
1444,140.278,2.339,1069,20.243,2.525
1445,140.374,2.34,1069,20.254,2.527
1446,140.476,2.342,1070,20.265,2.529
1447,140.554,2.343,1070,20.275,2.531
1448,140.656,2.345,1071,20.286,2.532
1449,140.758,2.346,1072,20.295,2.534
1450,140.854,2.349,1072,20.304,2.537
1451,140.926,2.35,1073,20.314,2.537
1452,141.028,2.351,1073,20.323,2.539
1453,141.106,2.353,1074,20.332,2.541
1454,141.208,2.354,1074,20.343,2.542
1455,141.286,2.356,1075,20.353,2.544
1456,141.394,2.358,1075,20.362,2.547
1457,141.496,2.36,1076,20.373,2.548
1458,141.598,2.361,1076,20.382,2.55
1459,141.706,2.363,1077,20.392,2.552
1460,141.814,2.365,1077,20.405,2.554
1461,141.898,2.366,1078,20.414,2.555
1462,141.994,2.367,1078,20.423,2.557
1463,142.096,2.369,1079,20.432,2.558
1464,142.204,2.372,1079,20.442,2.561
1465,142.306,2.373,1080,20.451,2.563
1466,142.414,2.375,1080,20.46,2.564
1467,142.516,2.376,1081,20.47,2.566
1468,142.594,2.378,1081,20.479,2.568
1469,142.714,2.38,1082,20.49,2.57
1470,142.804,2.381,1082,20.499,2.571
1471,142.894,2.382,1083,20.509,2.573
1472,142.978,2.384,1083,20.518,2.575
1473,143.086,2.385,1084,20.527,2.576
1474,143.188,2.387,1084,20.536,2.578
1475,143.296,2.389,1085,20.546,2.58
1476,143.386,2.391,1085,20.555,2.582
1477,143.476,2.393,1086,20.564,2.584
1478,143.554,2.393,1086,20.574,2.585
1479,143.626,2.395,1087,20.581,2.586
1480,143.728,2.397,1087,20.588,2.588
1481,143.836,2.398,1087,20.596,2.59
1482,143.926,2.4,1088,20.605,2.591
1483,144.028,2.401,1088,20.614,2.593
1484,144.148,2.403,1089,20.624,2.596
1485,144.256,2.405,1089,20.633,2.597
1486,144.346,2.407,1090,20.642,2.599
1487,144.436,2.408,1090,20.652,2.601
1488,144.544,2.41,1091,20.663,2.603
1489,144.628,2.411,1091,20.672,2.604
1490,144.724,2.413,1092,20.679,2.606
1491,144.796,2.415,1092,20.689,2.607
1492,144.874,2.416,1093,20.696,2.609
1493,144.988,2.418,1093,20.705,2.611
1494,145.066,2.419,1094,20.715,2.612
1495,145.168,2.421,1094,20.722,2.614
1496,145.276,2.423,1095,20.731,2.616
1497,145.366,2.425,1095,20.741,2.618
1498,145.468,2.426,1096,20.75,2.62
1499,145.558,2.427,1096,20.759,2.621
1500,145.654,2.429,1097,20.769,2.623
1501,145.774,2.431,1097,20.778,2.625
1502,145.888,2.432,1098,20.787,2.627
1503,145.966,2.434,1098,20.795,2.629
1504,146.068,2.436,1098,20.802,2.63
1505,146.176,2.437,1099,20.811,2.632
1506,146.284,2.44,1099,20.821,2.634
1507,146.398,2.441,1100,20.828,2.636
1508,146.518,2.443,1100,20.837,2.638
1509,146.614,2.445,1101,20.847,2.64
1510,146.746,2.447,1101,20.856,2.643
1511,146.854,2.449,1102,20.865,2.645
1512,146.938,2.45,1102,20.874,2.646
1513,147.034,2.452,1103,20.884,2.648
1514,147.124,2.454,1103,20.893,2.65
1515,147.214,2.455,1104,20.9,2.651
1516,147.286,2.456,1104,20.908,2.652
1517,147.358,2.458,1104,20.913,2.654
1518,147.448,2.458,1105,20.921,2.655
1519,147.544,2.46,1105,20.926,2.657
1520,147.616,2.461,1105,20.934,2.658
1521,147.718,2.463,1106,20.941,2.66
1522,147.808,2.465,1106,20.949,2.661
1523,147.886,2.466,1106,20.954,2.663
1524,147.958,2.467,1107,20.962,2.664
1525,148.054,2.468,1107,20.967,2.666
1526,148.168,2.471,1107,20.975,2.668
1527,148.288,2.472,1108,20.982,2.67
1528,148.396,2.475,1108,20.99,2.672
1529,148.498,2.476,1109,20.999,2.674
1530,148.576,2.478,1109,21.006,2.676
1531,148.678,2.479,1110,21.016,2.678
1532,148.774,2.481,1110,21.023,2.679
1533,148.846,2.482,1110,21.029,2.681
1534,148.924,2.483,1111,21.036,2.682
1535,149.038,2.486,1111,21.043,2.684
1536,149.146,2.487,1111,21.051,2.686
1537,149.218,2.489,1112,21.058,2.688
1538,149.326,2.49,1112,21.066,2.689
1539,149.428,2.492,1113,21.073,2.691
1540,149.524,2.493,1113,21.081,2.693
1541,149.596,2.495,1113,21.088,2.694
1542,149.704,2.497,1114,21.094,2.696
1543,149.818,2.498,1114,21.101,2.698
1544,149.896,2.5,1114,21.107,2.699
1545,149.968,2.501,1115,21.114,2.7
1546,150.076,2.503,1115,21.12,2.703
1547,150.178,2.504,1116,21.127,2.705
1548,150.298,2.506,1116,21.134,2.706
1549,150.388,2.507,1116,21.14,2.708
1550,150.496,2.51,1117,21.147,2.71
1551,150.574,2.511,1117,21.155,2.711
1552,150.676,2.513,1117,21.162,2.714
1553,150.779,2.514,1118,21.17,2.715
1554,150.886,2.516,1118,21.175,2.717
1555,150.958,2.518,1118,21.183,2.719
1556,151.066,2.519,1119,21.188,2.721
1557,151.168,2.521,1119,21.196,2.722
1558,151.246,2.522,1119,21.201,2.724
1559,151.324,2.523,1120,21.207,2.725
1560,151.426,2.526,1120,21.214,2.727
1561,151.528,2.527,1120,21.22,2.729
1562,151.618,2.528,1121,21.227,2.73
1563,151.738,2.53,1121,21.233,2.732
1564,151.864,2.533,1121,21.24,2.735
1565,151.936,2.533,1122,21.246,2.736
1566,152.026,2.535,1122,21.253,2.737
1567,152.128,2.537,1122,21.259,2.74
1568,152.224,2.539,1123,21.266,2.742
1569,152.326,2.54,1123,21.272,2.743
1570,152.416,2.542,1123,21.277,2.745
1571,152.536,2.543,1124,21.285,2.747
1572,152.614,2.545,1124,21.29,2.748
1573,152.716,2.547,1125,21.298,2.75
1574,152.818,2.549,1125,21.305,2.752
1575,152.896,2.55,1125,21.311,2.753
1576,152.998,2.551,1126,21.318,2.755
1577,153.094,2.554,1126,21.324,2.758
1578,153.196,2.555,1126,21.329,2.759
1579,153.298,2.557,1127,21.337,2.761
1580,153.406,2.558,1127,21.342,2.763
1581,153.496,2.56,1127,21.348,2.764
1582,153.574,2.562,1127,21.354,2.766
1583,153.688,2.563,1128,21.357,2.768
1584,153.808,2.565,1128,21.363,2.77
1585,153.916,2.567,1128,21.368,2.772
1586,153.988,2.568,1129,21.374,2.773
1587,154.108,2.57,1129,21.38,2.775
1588,154.186,2.571,1129,21.385,2.776
1589,154.258,2.572,1129,21.391,2.778
1590,154.336,2.574,1130,21.394,2.779
1591,154.414,2.575,1130,21.4,2.78
1592,154.504,2.576,1130,21.404,2.782
1593,154.576,2.578,1130,21.407,2.784
1594,154.684,2.579,1131,21.413,2.786
1595,154.774,2.581,1131,21.419,2.787
1596,154.876,2.583,1131,21.422,2.789
1597,154.954,2.584,1131,21.428,2.791
1598,155.056,2.586,1132,21.433,2.792
1599,155.146,2.587,1132,21.439,2.794
1600,155.236,2.589,1132,21.443,2.796
1601,155.338,2.59,1132,21.448,2.797
1602,155.428,2.592,1133,21.454,2.799
1603,155.536,2.593,1133,21.458,2.801
1604,155.614,2.595,1133,21.463,2.802
1605,155.716,2.597,1133,21.467,2.804
1606,155.818,2.598,1134,21.472,2.806
1607,155.908,2.6,1134,21.478,2.808
1608,156.004,2.601,1134,21.484,2.809
1609,156.094,2.603,1135,21.487,2.811
1610,156.208,2.605,1135,21.493,2.813
1611,156.304,2.607,1135,21.498,2.815
1612,156.406,2.608,1135,21.504,2.817
1613,156.508,2.61,1136,21.508,2.818
1614,156.586,2.611,1136,21.513,2.82
1615,156.676,2.613,1136,21.519,2.822
1616,156.796,2.615,1136,21.523,2.824
1617,156.904,2.617,1137,21.528,2.826
1618,156.988,2.619,1137,21.534,2.828
1619,157.066,2.62,1137,21.537,2.829
1620,157.156,2.621,1137,21.541,2.83
1621,157.264,2.623,1138,21.547,2.833
1622,157.348,2.624,1138,21.549,2.834
1623,157.438,2.626,1138,21.554,2.835
1624,157.546,2.627,1138,21.556,2.837
1625,157.654,2.63,1138,21.56,2.84
1626,157.756,2.631,1139,21.564,2.841
1627,157.846,2.633,1139,21.567,2.843
1628,157.918,2.633,1139,21.569,2.844
1629,157.996,2.635,1139,21.573,2.846
1630,158.086,2.636,1139,21.576,2.847
1631,158.176,2.638,1139,21.578,2.849
1632,158.266,2.64,1140,21.582,2.851
1633,158.356,2.641,1140,21.584,2.852
1634,158.434,2.642,1140,21.588,2.853
1635,158.524,2.644,1140,21.589,2.855
1636,158.626,2.645,1140,21.593,2.856
1637,158.704,2.647,1140,21.595,2.858
1638,158.806,2.648,1140,21.599,2.86
1639,158.878,2.65,1141,21.603,2.862
1640,158.956,2.651,1141,21.604,2.863
1641,159.028,2.652,1141,21.608,2.864
1642,159.106,2.653,1141,21.612,2.865
1643,159.214,2.655,1141,21.614,2.867
1644,159.316,2.657,1141,21.615,2.869
1645,159.424,2.658,1141,21.619,2.871
1646,159.538,2.661,1142,21.621,2.873
1647,159.646,2.662,1142,21.625,2.875
1648,159.749,2.664,1142,21.628,2.877
1649,159.856,2.666,1142,21.63,2.879
1650,159.934,2.667,1142,21.634,2.88
1651,160.006,2.669,1142,21.636,2.882
1652,160.084,2.67,1142,21.638,2.883
1653,160.156,2.671,1143,21.64,2.884
1654,160.276,2.673,1143,21.642,2.887
1655,160.42,2.676,1143,21.643,2.889
1656,160.528,2.677,1143,21.647,2.891
1657,160.624,2.679,1143,21.649,2.893
1658,160.726,2.681,1143,21.653,2.895
1659,160.846,2.683,1143,21.656,2.897
1660,160.925,2.684,1144,21.658,2.899
1661,161.026,2.686,1144,21.662,2.9
1662,161.146,2.688,1144,21.664,2.903
1663,161.248,2.69,1144,21.666,2.905
1664,161.368,2.691,1144,21.668,2.906
1665,161.464,2.693,1144,21.667,2.908
1666,161.566,2.694,1144,21.669,2.91
1667,161.674,2.697,1144,21.669,2.912
1668,161.776,2.698,1144,21.671,2.914
1669,161.884,2.7,1144,21.671,2.916
1670,161.956,2.701,1144,21.673,2.916
1671,162.034,2.702,1144,21.673,2.918
1672,162.136,2.704,1144,21.675,2.92
1673,162.226,2.705,1144,21.675,2.921
1674,162.328,2.707,1144,21.675,2.923
1675,162.436,2.709,1145,21.677,2.926
1676,162.526,2.71,1145,21.677,2.927
1677,162.604,2.712,1145,21.677,2.928
1678,162.706,2.713,1145,21.679,2.93
1679,162.796,2.715,1145,21.68,2.932
1680,162.874,2.716,1145,21.68,2.933
1681,162.946,2.717,1145,21.68,2.934
1682,163.036,2.719,1145,21.682,2.937
1683,163.108,2.72,1145,21.682,2.938
1684,163.186,2.722,1145,21.684,2.939
1685,163.264,2.722,1145,21.684,2.94
1686,163.366,2.724,1145,21.686,2.942
1687,163.474,2.726,1145,21.686,2.944
1688,163.564,2.728,1145,21.686,2.946
1689,163.648,2.73,1145,21.688,2.948
1690,163.744,2.731,1145,21.688,2.949
1691,163.846,2.733,1145,21.69,2.951
1692,163.918,2.734,1145,21.69,2.953
1693,164.008,2.735,1145,21.692,2.954
1694,164.116,2.737,1145,21.692,2.956
1695,164.206,2.739,1145,21.692,2.958
1696,164.296,2.741,1145,21.692,2.96
1697,164.368,2.741,1145,21.694,2.96
1698,164.446,2.743,1145,21.693,2.962
1699,164.536,2.744,1145,21.693,2.964
1700,164.644,2.746,1146,21.695,2.965
1701,164.746,2.748,1146,21.695,2.968
1702,164.854,2.75,1146,21.695,2.97
1703,164.938,2.752,1146,21.695,2.971
1704,165.034,2.753,1146,21.695,2.973
1705,165.136,2.755,1146,21.695,2.975
1706,165.238,2.756,1146,21.695,2.976
1707,165.334,2.758,1145,21.694,2.978
1708,165.444,2.76,1145,21.692,2.981
1709,165.544,2.761,1145,21.692,2.981
1710,165.616,2.762,1145,21.69,2.983
1711,165.724,2.764,1145,21.69,2.985
1712,165.826,2.765,1145,21.688,2.987
1713,165.904,2.767,1145,21.688,2.988
1714,165.976,2.768,1145,21.686,2.989
1715,166.078,2.769,1145,21.686,2.991
1716,166.168,2.771,1145,21.684,2.992
1717,166.264,2.773,1145,21.684,2.995
1718,166.366,2.775,1145,21.682,2.997
1719,166.468,2.776,1145,21.682,2.998
1720,166.576,2.778,1145,21.68,3
1721,166.684,2.78,1145,21.679,3.002
1722,166.786,2.782,1145,21.679,3.004
1723,166.888,2.784,1145,21.677,3.006
1724,166.966,2.785,1145,21.677,3.007
1725,167.056,2.786,1144,21.675,3.009
1726,167.158,2.788,1144,21.675,3.011
1727,167.254,2.79,1144,21.673,3.013
1728,167.356,2.791,1144,21.671,3.014
1729,167.458,2.793,1144,21.669,3.016
1730,167.554,2.795,1144,21.669,3.018
1731,167.644,2.796,1144,21.668,3.019
1732,167.746,2.798,1144,21.667,3.021
1733,167.848,2.799,1144,21.666,3.023
1734,167.938,2.801,1144,21.666,3.025
1735,168.034,2.802,1144,21.664,3.026
1736,168.106,2.804,1144,21.662,3.028
1737,168.196,2.805,1144,21.662,3.03
1738,168.298,2.807,1144,21.66,3.031
1739,168.394,2.808,1144,21.66,3.033
1740,168.496,2.811,1144,21.658,3.036
1741,168.586,2.812,1143,21.656,3.037
1742,168.688,2.814,1143,21.656,3.039
1743,168.784,2.816,1143,21.655,3.041
1744,168.886,2.817,1143,21.653,3.042
1745,168.958,2.818,1143,21.651,3.043
1746,169.054,2.82,1143,21.649,3.046
1747,169.126,2.821,1143,21.647,3.046
1748,169.234,2.823,1143,21.643,3.048
1749,169.336,2.824,1143,21.641,3.05
1750,169.438,2.826,1143,21.64,3.052
1751,169.546,2.828,1142,21.638,3.054
1752,169.624,2.829,1142,21.634,3.055
1753,169.726,2.831,1142,21.632,3.057
1754,169.846,2.833,1142,21.629,3.059
1755,169.924,2.834,1142,21.627,3.061
1756,170.026,2.836,1142,21.623,3.063
1757,170.158,2.838,1142,21.621,3.065
1758,170.248,2.839,1141,21.617,3.066
1759,170.356,2.841,1141,21.615,3.068
1760,170.446,2.843,1141,21.612,3.07
1761,170.548,2.845,1141,21.61,3.072
1762,170.638,2.846,1141,21.606,3.074
1763,170.734,2.848,1141,21.604,3.075
1764,170.848,2.849,1141,21.601,3.077
1765,170.938,2.851,1140,21.597,3.079
1766,171.034,2.852,1140,21.595,3.08
1767,171.124,2.854,1140,21.591,3.082
1768,171.226,2.856,1140,21.589,3.084
1769,171.328,2.857,1140,21.588,3.086
1770,171.436,2.859,1140,21.584,3.088
1771,171.538,2.861,1140,21.582,3.09
1772,171.628,2.862,1139,21.578,3.091
1773,171.736,2.864,1139,21.575,3.093
1774,171.826,2.866,1139,21.573,3.095
1775,171.904,2.867,1139,21.569,3.096
1776,172.006,2.869,1139,21.567,3.098
1777,172.084,2.87,1139,21.564,3.1
1778,172.186,2.872,1138,21.562,3.101
1779,172.264,2.873,1138,21.56,3.103
1780,172.366,2.875,1138,21.558,3.105
1781,172.474,2.877,1138,21.554,3.107
1782,172.576,2.879,1138,21.552,3.109
1783,172.696,2.881,1138,21.551,3.112
1784,172.804,2.883,1138,21.547,3.113
1785,172.906,2.884,1137,21.543,3.115
1786,172.978,2.885,1137,21.539,3.116
1787,173.068,2.887,1137,21.534,3.117
1788,173.176,2.889,1137,21.53,3.12
1789,173.278,2.891,1137,21.526,3.122
1790,173.374,2.892,1136,21.523,3.123
1791,173.464,2.894,1136,21.517,3.125
1792,173.566,2.895,1136,21.513,3.127
1793,173.644,2.896,1136,21.51,3.128
1794,173.746,2.898,1135,21.504,3.129
1795,173.848,2.9,1135,21.5,3.131
1796,173.926,2.901,1135,21.497,3.133
1797,174.028,2.902,1135,21.491,3.134
1798,174.124,2.905,1135,21.487,3.137
1799,174.214,2.906,1134,21.484,3.138
1800,174.304,2.907,1134,21.48,3.139
1801,174.406,2.909,1134,21.476,3.141
1802,174.526,2.911,1134,21.472,3.144
1803,174.616,2.913,1133,21.467,3.145
1804,174.706,2.914,1133,21.463,3.147
1805,174.814,2.916,1133,21.458,3.149
1806,174.904,2.917,1133,21.454,3.15
1807,174.976,2.919,1133,21.45,3.152
1808,175.066,2.92,1132,21.445,3.153
1809,175.168,2.921,1132,21.441,3.155
1810,175.276,2.923,1132,21.437,3.157
1811,175.366,2.925,1132,21.433,3.159
1812,175.468,2.927,1131,21.43,3.16
1813,175.558,2.928,1131,21.424,3.162
1814,175.654,2.93,1131,21.42,3.164
1815,175.756,2.931,1131,21.417,3.166
1816,175.864,2.934,1131,21.413,3.168
1817,175.936,2.934,1130,21.407,3.169
1818,176.038,2.937,1130,21.404,3.171
1819,176.128,2.938,1130,21.4,3.173
1820,176.236,2.94,1130,21.396,3.175
1821,176.326,2.942,1130,21.393,3.177
1822,176.416,2.943,1129,21.389,3.178
1823,176.518,2.945,1129,21.385,3.18
1824,176.596,2.946,1129,21.381,3.182
1825,176.698,2.948,1129,21.376,3.183
1826,176.794,2.949,1128,21.37,3.185
1827,176.896,2.951,1128,21.367,3.187
1828,176.974,2.952,1128,21.361,3.188
1829,177.046,2.953,1128,21.355,3.189
1830,177.148,2.955,1127,21.352,3.191
1831,177.256,2.957,1127,21.346,3.193
1832,177.346,2.958,1127,21.341,3.195
1833,177.436,2.959,1126,21.335,3.196
1834,177.544,2.962,1126,21.329,3.198
1835,177.628,2.963,1126,21.324,3.199
1836,177.724,2.965,1126,21.318,3.201
1837,177.826,2.966,1125,21.313,3.204
1838,177.898,2.967,1125,21.309,3.204
1839,177.976,2.969,1125,21.303,3.206
1840,178.066,2.97,1125,21.298,3.208
1841,178.168,2.972,1124,21.294,3.21
1842,178.246,2.973,1124,21.289,3.21
1843,178.348,2.975,1124,21.283,3.213
1844,178.444,2.977,1124,21.279,3.214
1845,178.546,2.978,1123,21.274,3.216
1846,178.624,2.979,1123,21.268,3.217
1847,178.726,2.981,1123,21.264,3.22
1848,178.834,2.983,1122,21.259,3.221
1849,178.924,2.985,1122,21.253,3.223
1850,179.026,2.986,1122,21.248,3.225
1851,179.128,2.988,1122,21.242,3.226
1852,179.224,2.989,1121,21.237,3.228
1853,179.314,2.991,1121,21.233,3.23
1854,179.386,2.992,1121,21.227,3.231
1855,179.464,2.993,1121,21.222,3.232
1856,179.548,2.995,1120,21.216,3.234
1857,179.644,2.996,1120,21.212,3.236
1858,179.746,2.999,1120,21.207,3.238
1859,179.854,3,1120,21.203,3.24
1860,179.944,3.002,1119,21.198,3.242
1861,180.058,3.004,1119,21.192,3.244
1862,180.178,3.006,1119,21.186,3.246
1863,180.286,3.007,1118,21.181,3.248
1864,180.376,3.009,1118,21.175,3.25
1865,180.466,3.011,1118,21.17,3.252
1866,180.556,3.012,1117,21.164,3.253
1867,180.658,3.013,1117,21.159,3.254
1868,180.754,3.015,1117,21.153,3.256
1869,180.868,3.017,1116,21.146,3.258
1870,180.946,3.018,1116,21.14,3.26
1871,181.036,3.02,1116,21.133,3.261
1872,181.138,3.021,1116,21.127,3.263
1873,181.246,3.024,1115,21.12,3.265
1874,181.324,3.025,1115,21.114,3.266
1875,181.396,3.026,1115,21.108,3.268
1876,181.504,3.027,1114,21.101,3.269
1877,181.588,3.029,1114,21.095,3.271
1878,181.708,3.031,1114,21.09,3.273
1879,181.804,3.033,1113,21.082,3.275
1880,181.906,3.034,1113,21.077,3.277
1881,181.996,3.036,1112,21.069,3.279
1882,182.098,3.038,1112,21.064,3.28
1883,182.194,3.039,1112,21.056,3.282
1884,182.296,3.041,1111,21.049,3.284
1885,182.386,3.042,1111,21.043,3.285
1886,182.476,3.044,1111,21.038,3.287
1887,182.566,3.046,1110,21.03,3.289
1888,182.656,3.047,1110,21.025,3.29
1889,182.746,3.049,1110,21.017,3.292
1890,182.836,3.05,1109,21.012,3.294
1891,182.926,3.051,1109,21.006,3.295
1892,183.016,3.052,1109,20.999,3.296
1893,183.118,3.055,1108,20.993,3.299
1894,183.226,3.056,1108,20.986,3.301
1895,183.304,3.058,1108,20.98,3.302
1896,183.376,3.059,1107,20.975,3.303
1897,183.496,3.061,1107,20.967,3.306
1898,183.616,3.063,1107,20.96,3.307
1899,183.714,3.065,1106,20.952,3.31
1900,183.826,3.067,1106,20.945,3.312
1901,183.904,3.068,1106,20.938,3.313
1902,184.006,3.07,1105,20.932,3.315
1903,184.096,3.071,1105,20.926,3.317
1904,184.186,3.073,1105,20.921,3.318
1905,184.276,3.074,1104,20.915,3.32
1906,184.378,3.076,1104,20.91,3.322
1907,184.498,3.078,1104,20.902,3.324
1908,184.588,3.079,1103,20.895,3.325
1909,184.696,3.081,1103,20.887,3.328
1910,184.798,3.083,1102,20.88,3.329
1911,184.906,3.085,1102,20.871,3.331
1912,185.014,3.086,1102,20.863,3.333
1913,185.086,3.088,1101,20.856,3.334
1914,185.164,3.089,1101,20.848,3.336
1915,185.254,3.09,1100,20.841,3.337
1916,185.368,3.092,1100,20.834,3.34
1917,185.464,3.094,1100,20.826,3.341
1918,185.578,3.095,1099,20.819,3.343
1919,185.698,3.098,1099,20.809,3.345
1920,185.794,3.099,1098,20.8,3.347
1921,185.92,3.101,1098,20.791,3.349
1922,186.016,3.103,1097,20.783,3.351
1923,186.094,3.104,1097,20.774,3.352
1924,186.166,3.106,1096,20.767,3.354
1925,186.244,3.107,1096,20.759,3.355
1926,186.346,3.108,1096,20.754,3.357
1927,186.436,3.11,1095,20.746,3.358
1928,186.514,3.111,1095,20.739,3.36
1929,186.586,3.113,1095,20.731,3.361
1930,186.664,3.113,1094,20.724,3.362
1931,186.766,3.115,1094,20.717,3.364
1932,186.856,3.117,1093,20.709,3.366
1933,186.934,3.118,1093,20.704,3.367
1934,187.036,3.12,1093,20.694,3.369
1935,187.138,3.122,1092,20.687,3.372
1936,187.234,3.124,1092,20.679,3.373
1937,187.318,3.124,1091,20.67,3.374
1938,187.408,3.126,1091,20.663,3.376
1939,187.504,3.128,1090,20.653,3.378
1940,187.588,3.129,1090,20.644,3.379
1941,187.684,3.131,1090,20.637,3.381
1942,187.798,3.133,1089,20.627,3.383
1943,187.906,3.135,1089,20.618,3.385
1944,187.978,3.136,1088,20.609,3.387
1945,188.056,3.137,1088,20.601,3.388
1946,188.146,3.139,1087,20.592,3.389
1947,188.224,3.14,1087,20.585,3.391
1948,188.326,3.142,1086,20.577,3.393
1949,188.428,3.143,1086,20.568,3.394
1950,188.524,3.145,1085,20.557,3.396
1951,188.596,3.146,1085,20.548,3.398
1952,188.704,3.148,1084,20.538,3.399
1953,188.806,3.149,1084,20.527,3.401
1954,188.908,3.151,1083,20.516,3.403
1955,188.986,3.153,1083,20.507,3.405
1956,189.064,3.154,1082,20.496,3.406
1957,189.136,3.155,1082,20.486,3.407
1958,189.214,3.156,1081,20.477,3.409
1959,189.316,3.158,1081,20.466,3.41
1960,189.406,3.16,1080,20.457,3.412
1961,189.496,3.161,1080,20.445,3.414
1962,189.598,3.163,1079,20.434,3.415
1963,189.694,3.164,1078,20.421,3.417
1964,189.814,3.167,1078,20.41,3.42
1965,189.916,3.168,1077,20.397,3.421
1966,189.994,3.169,1076,20.384,3.423
1967,190.096,3.171,1075,20.369,3.425
1968,190.21,3.173,1075,20.354,3.426
1969,190.318,3.175,1074,20.34,3.429
1970,190.426,3.177,1073,20.325,3.431
1971,190.528,3.178,1072,20.306,3.432
1972,190.618,3.18,1071,20.288,3.434
1973,190.724,3.182,1070,20.265,3.437
1974,190.816,3.183,1069,20.247,3.437
1975,190.906,3.185,1068,20.226,3.439
1976,191.008,3.186,1067,20.204,3.441
1977,191.128,3.189,1065,20.18,3.443
1978,191.236,3.19,1064,20.154,3.445
1979,191.356,3.192,1062,20.122,3.448
1980,191.434,3.194,1061,20.089,3.449
1981,191.536,3.196,1059,20.05,3.451
1982,191.614,3.196,1057,20.011,3.452
1983,191.704,3.198,1054,19.97,3.453
1984,191.806,3.2,1052,19.927,3.456
1985,191.908,3.202,1050,19.881,3.458
1986,192.004,3.203,1047,19.829,3.459
1987,192.076,3.205,1044,19.777,3.461
1988,192.154,3.206,1041,19.721,3.462
1989,192.238,3.207,1038,19.663,3.464
1990,192.334,3.21,1035,19.595,3.466
1991,192.418,3.21,1031,19.528,3.467
1992,192.514,3.212,1027,19.446,3.469
1993,192.586,3.213,1022,19.35,3.47
1994,192.688,3.215,1014,19.201,3.472
1995,192.778,3.219,994,18.828,3.476
1996,192.886,3.232,785,14.866,3.49
1997,192.964,3.218,576,10.914,3.475
1998,193.066,3.218,369,6.985,3.475
1999,193.144,3.219,165,3.12,3.476
2000,193.246,3.224,-26,-0.496,3.481
2001,193.366,3.225,-27,-0.514,3.482
2002,193.474,3.226,-27,-0.52,3.484
2003,193.576,3.229,-28,-0.522,3.487
2004,193.696,3.232,-28,-0.524,3.49
2005,193.804,3.233,-28,-0.526,3.491
2006,193.894,3.235,-28,-0.526,3.493
2007,193.966,3.236,-28,-0.526,3.494
2008,194.068,3.237,-28,-0.527,3.496
2009,194.176,3.239,-28,-0.527,3.498
2010,194.266,3.241,-28,-0.527,3.5
2011,194.368,3.243,-28,-0.527,3.502
2012,194.488,3.244,-28,-0.527,3.504
2013,194.574,3.246,-28,-0.527,3.506
2014,194.668,3.247,-28,-0.527,3.507
2015,194.776,3.25,-28,-0.527,3.509
2016,194.884,3.251,-28,-0.529,3.511
2017,195.01,3.253,-28,-0.529,3.513
2018,195.118,3.255,-28,-0.529,3.515
2019,195.214,3.257,-28,-0.529,3.517
2020,195.324,3.259,-28,-0.529,3.519
2021,195.436,3.26,-28,-0.529,3.521
2022,195.538,3.262,-28,-0.529,3.523
2023,195.646,3.264,-28,-0.529,3.524
2024,195.736,3.265,-28,-0.529,3.526
2025,195.826,3.267,-28,-0.529,3.528
2026,195.916,3.268,-28,-0.529,3.529
2027,196.006,3.27,-28,-0.529,3.531
2028,196.108,3.271,-28,-0.529,3.533
2029,196.214,3.274,-28,-0.529,3.535
2030,196.306,3.275,-28,-0.529,3.537
2031,196.408,3.277,-28,-0.529,3.539
2032,196.498,3.279,-28,-0.529,3.54
2033,196.607,3.28,-28,-0.531,3.542
2034,196.684,3.282,-28,-0.531,3.544
2035,196.786,3.283,-28,-0.531,3.545
2036,196.894,3.285,-28,-0.531,3.547
2037,197.008,3.287,-28,-0.531,3.549
2038,197.116,3.289,-28,-0.531,3.551
2039,197.224,3.29,-28,-0.529,3.553
2040,197.35,3.292,-28,-0.531,3.556
2041,197.524,3.292,-28,-0.531,3.556
2042,197.614,3.292,-28,-0.531,3.556
2043,197.728,3.292,-28,-0.531,3.556
2044,197.824,3.292,-28,-0.531,3.556
2045,197.926,3.292,-28,-0.531,3.556
2046,198.016,3.292,-28,-0.531,3.556
2047,198.118,3.292,-28,-0.531,3.556
2048,198.238,3.292,-28,-0.531,3.556
2049,198.334,3.292,-28,-0.531,3.556
2050,198.436,3.292,-28,-0.531,3.556
2051,198.544,3.292,-28,-0.531,3.556
2052,198.646,3.292,-28,-0.531,3.556
2053,198.748,3.292,-28,-0.531,3.556
2054,198.844,3.292,-28,-0.531,3.556
2055,198.946,3.292,-28,-0.531,3.555
